CustomerID,CreditScore,Country,Gender,Age,TenureYears,Balance,NumOfProducts,HasCreditCard,IsActiveMember,EstimatedSalary,Churn
CUST20000,740,France,Female,22,10,82369.3,2,0,0,69774.63,0
CUST20001,675,Germany,Male,37,7,42899.3,1,1,1,58214.75,0
CUST20002,798,Spain,Female,36,7,46101.92,1,1,0,31524.43,0
CUST20003,734,Spain,Female,35,6,14304.23,2,0,0,108363.31,0
CUST20004,466,Spain,Female,63,3,40882.43,2,1,1,111786.86,0
CUST20005,560,Germany,Male,18,9,75484.68,1,0,1,37045.9,0
CUST20006,603,Germany,Female,46,0,87942.17,3,1,0,43273.59,0
CUST20007,594,Spain,Female,69,0,31792.41,2,0,1,91142.14,0
CUST20008,669,France,Male,63,6,69998.61,2,1,0,41576.28,0
CUST20009,700,Spain,Male,49,9,123864.99,2,0,1,93039.79,0
CUST20010,401,Spain,Female,69,8,0.0,1,1,0,151062.09,0
CUST20011,634,Spain,Male,38,7,74655.21,2,0,0,82307.98,0
CUST20012,369,France,Male,49,4,22706.88,2,0,1,30387.26,0
CUST20013,605,Spain,Female,46,3,17102.37,1,0,0,102644.66,0
CUST20014,561,Germany,Female,20,4,89355.63,2,0,0,77005.54,0
CUST20015,452,Germany,Male,20,2,45011.17,1,0,0,78242.93,0
CUST20016,845,France,Male,64,4,8075.83,2,0,1,106389.53,1
CUST20017,479,Germany,Male,27,1,147835.58,1,1,1,116096.68,0
CUST20018,378,Germany,Female,36,3,125604.92,1,1,0,86597.6,0
CUST20019,529,Spain,Female,50,10,0.0,2,1,1,82269.39,0
CUST20020,728,Germany,Male,47,7,0.0,2,0,0,177859.37,0
CUST20021,354,France,Female,44,1,107640.14,3,1,1,139024.93,0
CUST20022,596,Spain,Female,68,3,59331.94,2,1,0,122509.58,0
CUST20023,558,France,Male,58,2,157531.61,1,0,0,90904.27,1
CUST20024,782,Spain,Female,66,3,108898.5,2,0,0,39741.55,0
CUST20025,351,Spain,Male,52,7,91470.6,3,0,0,135732.39,0
CUST20026,358,France,Female,68,9,18797.55,1,1,0,91493.24,0
CUST20027,632,Spain,Male,49,7,102029.22,3,1,0,59027.39,1
CUST20028,439,Spain,Female,46,5,4832.98,2,0,0,74058.68,1
CUST20029,702,Germany,Female,60,1,146788.45,1,1,1,41521.78,0
CUST20030,489,Spain,Female,63,1,98217.62,3,1,0,132579.81,0
CUST20031,631,France,Female,21,8,29634.32,1,1,0,115736.67,1
CUST20032,368,Germany,Female,65,7,119257.26,2,1,1,93173.46,1
CUST20033,696,Germany,Male,53,5,198283.87,1,1,0,83074.65,0
CUST20034,609,Germany,Male,64,6,63031.06,2,0,1,54369.9,1
CUST20035,350,Spain,Female,55,9,105272.73,1,1,1,15000.0,0
CUST20036,482,Spain,Male,66,8,51249.39,1,0,1,21418.29,0
CUST20037,379,Germany,Female,32,0,79694.37,2,1,1,51580.96,0
CUST20038,372,Germany,Female,27,4,0.0,3,0,1,44816.51,0
CUST20039,699,Germany,Female,28,0,74970.88,1,0,0,98021.23,0
CUST20040,563,France,Male,31,4,77396.75,2,1,1,121517.22,0
CUST20041,751,Germany,Male,29,7,173944.88,3,1,1,79220.24,0
CUST20042,478,France,Male,40,2,0.0,1,1,1,148401.26,0
CUST20043,708,Spain,Female,28,1,59551.41,2,1,0,49769.6,0
CUST20044,657,Spain,Female,26,5,145846.45,3,1,0,78900.83,0
CUST20045,681,Spain,Female,45,5,61702.57,3,1,0,82705.58,0
CUST20046,764,Spain,Male,59,7,65576.22,1,1,1,134148.38,0
CUST20047,703,Germany,Male,25,0,29170.75,3,0,0,89764.92,0
CUST20048,722,Germany,Male,44,2,23706.7,3,1,1,91010.6,0
CUST20049,719,Germany,Male,52,8,0.0,2,0,0,15000.0,0
CUST20050,573,Germany,Female,54,7,40393.16,2,1,0,44504.2,0
CUST20051,712,France,Male,23,9,20585.47,3,0,1,134317.85,1
CUST20052,771,Spain,Female,56,8,81492.14,3,0,1,15000.0,0
CUST20053,719,Germany,Male,19,9,31678.25,3,0,1,145434.67,0
CUST20054,653,Spain,Female,30,5,48622.5,3,0,1,107484.9,0
CUST20055,387,France,Female,34,10,50128.7,2,1,1,51361.54,0
CUST20056,568,Germany,Male,62,4,72350.91,1,1,1,47557.8,1
CUST20057,381,Germany,Female,27,9,45931.28,1,1,0,170317.99,0
CUST20058,401,Spain,Male,58,4,16601.77,3,0,1,148513.26,0
CUST20059,530,Germany,Male,69,4,79717.15,2,0,1,79625.17,0
CUST20060,582,France,Male,67,7,133711.58,1,0,1,91056.63,0
CUST20061,613,Germany,Female,33,4,82065.64,1,1,1,55921.84,0
CUST20062,800,Spain,Female,22,1,41459.88,1,1,1,91065.28,0
CUST20063,731,France,Male,29,9,68226.95,2,0,0,54674.33,0
CUST20064,561,Germany,Male,57,4,0.0,2,0,1,81465.56,0
CUST20065,517,France,Female,28,10,67332.85,2,1,1,166464.82,0
CUST20066,706,Spain,Female,51,4,52980.51,3,1,0,80697.37,0
CUST20067,487,France,Male,37,10,23659.68,2,0,1,37839.02,1
CUST20068,791,Germany,Male,57,6,33634.59,3,0,1,23513.26,0
CUST20069,740,Spain,Female,49,8,52437.1,3,1,1,90720.3,0
CUST20070,691,Spain,Female,48,8,129585.21,1,1,1,50759.72,0
CUST20071,474,France,Female,58,2,135063.32,1,1,0,96097.14,0
CUST20072,660,France,Male,67,8,23953.12,3,1,1,15000.0,0
CUST20073,760,France,Female,36,10,46505.74,2,1,1,116061.26,0
CUST20074,385,Germany,Male,45,7,47907.55,3,0,0,37292.58,0
CUST20075,438,Spain,Female,50,10,119525.0,2,1,1,87083.38,0
CUST20076,607,France,Female,60,9,83002.86,1,0,0,69776.36,0
CUST20077,529,France,Male,43,7,80103.44,3,0,1,162327.5,0
CUST20078,704,Germany,Male,37,5,104494.44,3,0,1,92717.01,1
CUST20079,550,Spain,Female,62,9,42197.26,2,1,1,172546.24,0
CUST20080,848,Germany,Male,67,2,150013.76,2,0,1,110233.41,0
CUST20081,499,Germany,Female,47,6,74904.04,1,0,0,149143.27,1
CUST20082,530,Spain,Male,23,8,27924.82,3,1,0,75604.08,0
CUST20083,351,Spain,Male,33,10,62369.79,2,0,1,100547.64,0
CUST20084,473,Germany,Female,42,2,142756.06,3,1,0,139838.96,0
CUST20085,467,Germany,Female,54,1,51617.18,1,1,1,125723.2,0
CUST20086,731,Germany,Male,52,3,127225.68,3,1,0,108894.7,0
CUST20087,518,France,Male,60,9,40605.98,3,1,1,70242.93,0
CUST20088,451,Germany,Female,19,5,32888.5,3,1,1,77855.06,0
CUST20089,506,Spain,Male,42,0,111277.86,2,1,0,136194.79,0
CUST20090,631,France,Male,54,1,26931.51,3,1,0,145566.01,0
CUST20091,742,Spain,Female,69,3,120239.71,2,0,0,58321.18,1
CUST20092,839,Germany,Female,25,3,94339.43,3,0,1,51530.85,0
CUST20093,373,Germany,Male,63,1,26952.33,3,1,0,44313.98,0
CUST20094,770,France,Male,18,5,71070.65,3,0,1,122336.53,0
CUST20095,544,Spain,Male,28,5,44817.41,3,0,0,43173.62,0
CUST20096,754,France,Female,62,2,94193.71,1,0,1,121792.15,0
CUST20097,368,Germany,Male,58,2,178828.9,3,1,1,109556.07,0
CUST20098,663,France,Female,68,7,54611.25,3,1,0,60470.87,0
CUST20099,815,Spain,Female,49,10,104357.7,2,1,0,155373.67,1
CUST20100,369,France,Male,50,10,76344.24,2,1,0,19198.35,0
CUST20101,745,Spain,Female,45,6,76323.17,3,1,1,159678.97,0
CUST20102,407,Germany,Male,44,0,65913.72,2,1,1,99349.86,0
CUST20103,841,France,Male,44,9,27842.04,2,1,1,15000.0,0
CUST20104,722,Spain,Female,33,10,93432.7,3,1,1,156634.58,0
CUST20105,805,Spain,Female,62,3,59119.2,3,1,1,128749.56,0
CUST20106,798,France,Female,36,4,25236.0,1,0,0,65730.47,0
CUST20107,507,Spain,Female,49,0,130779.53,3,0,0,41587.57,0
CUST20108,557,Spain,Male,52,8,80445.53,1,0,1,15000.0,0
CUST20109,695,Spain,Female,45,8,62454.56,1,1,1,193695.08,0
CUST20110,437,Germany,Female,49,0,148703.11,3,1,1,43447.82,1
CUST20111,503,France,Female,20,7,0.0,1,1,1,28138.51,0
CUST20112,399,Germany,Male,34,4,145005.14,1,1,0,97056.36,1
CUST20113,794,Spain,Female,41,6,26589.66,1,0,1,15000.0,0
CUST20114,473,Germany,Male,38,2,86634.29,2,0,1,40830.32,0
CUST20115,555,Germany,Male,65,8,42656.49,1,0,0,129773.61,0
CUST20116,576,Spain,Male,64,4,24234.94,1,1,0,105889.48,0
CUST20117,537,Germany,Male,55,9,147263.76,2,0,1,67613.35,0
CUST20118,738,France,Male,36,1,177091.91,1,0,0,85823.8,0
CUST20119,807,Spain,Female,20,6,62832.59,1,1,0,65088.83,1
CUST20120,636,Germany,Female,57,3,93451.11,3,0,0,82210.1,0
CUST20121,768,Germany,Male,63,10,78134.52,2,1,1,50718.49,0
CUST20122,405,Germany,Female,43,6,170177.88,1,1,0,58889.23,0
CUST20123,833,Spain,Male,60,7,0.0,1,1,0,57519.48,0
CUST20124,407,Spain,Male,66,0,95741.79,3,0,0,52336.26,0
CUST20125,383,Spain,Male,46,7,35008.05,1,0,0,131975.99,0
CUST20126,361,Spain,Female,28,1,0.0,1,0,0,119655.28,0
CUST20127,471,France,Male,19,3,55170.84,2,0,1,43043.65,0
CUST20128,768,Spain,Male,57,2,176642.68,3,1,0,31252.28,0
CUST20129,500,Spain,Female,47,0,38917.29,2,1,0,77922.55,0
CUST20130,745,France,Female,25,6,118492.1,3,0,1,181987.94,0
CUST20131,562,Germany,Male,20,2,140926.97,2,0,1,38753.27,0
CUST20132,401,Spain,Male,68,5,74301.68,1,0,1,77744.9,1
CUST20133,586,Germany,Female,34,8,81625.06,3,0,1,88992.42,0
CUST20134,466,Spain,Male,35,1,0.0,3,1,0,80111.1,0
CUST20135,495,Germany,Female,50,7,35610.99,3,0,0,64380.56,0
CUST20136,608,France,Female,36,3,124885.42,1,0,0,136978.6,0
CUST20137,745,France,Male,65,3,78337.35,2,0,0,105450.64,0
CUST20138,643,Spain,Female,53,6,95203.78,2,1,1,123061.24,0
CUST20139,461,Spain,Male,36,6,82323.67,1,0,0,111522.1,1
CUST20140,708,Germany,Female,31,7,195560.22,3,0,1,125227.67,0
CUST20141,698,Germany,Male,62,2,51321.41,1,1,1,156298.26,0
CUST20142,468,Germany,Male,48,6,163297.55,1,1,1,144896.98,0
CUST20143,775,Spain,Female,65,2,82342.68,3,0,1,189616.18,0
CUST20144,771,Spain,Male,35,3,168180.94,2,1,1,139780.36,0
CUST20145,651,Spain,Male,19,10,7626.21,3,0,0,54874.9,0
CUST20146,498,Spain,Female,64,1,85155.87,2,0,1,123129.04,0
CUST20147,527,Spain,Female,30,4,53347.23,3,1,1,116969.58,0
CUST20148,569,Germany,Male,61,4,82670.98,1,0,1,171413.27,0
CUST20149,443,France,Male,54,2,142230.69,3,1,0,41477.87,0
CUST20150,502,Germany,Female,30,8,95834.53,1,0,1,110107.8,0
CUST20151,417,Spain,Male,57,5,142121.05,1,1,1,54351.83,0
CUST20152,427,Germany,Female,22,7,38137.84,2,0,0,108064.53,1
CUST20153,722,France,Male,38,4,29744.1,2,1,1,75336.4,0
CUST20154,414,Spain,Female,36,9,75885.78,1,1,0,106576.1,0
CUST20155,584,Spain,Male,52,8,72874.13,3,1,0,21534.78,0
CUST20156,564,Germany,Female,45,3,64777.73,1,0,1,120695.19,1
CUST20157,373,Germany,Male,49,10,22275.26,3,1,1,94272.68,0
CUST20158,765,France,Male,42,9,140925.84,1,0,0,91848.68,0
CUST20159,841,Spain,Female,56,6,55043.95,1,1,0,172760.27,0
CUST20160,669,France,Female,26,0,153434.3,1,1,0,67788.25,1
CUST20161,685,Germany,Male,55,6,75700.89,2,0,1,100401.94,0
CUST20162,466,Germany,Male,20,7,110663.59,2,0,0,89512.18,0
CUST20163,772,France,Female,22,4,105674.03,1,1,1,93911.76,0
CUST20164,742,Germany,Female,55,1,29664.89,2,1,0,184981.18,0
CUST20165,569,Spain,Female,26,6,95196.16,3,0,1,87871.32,0
CUST20166,702,Spain,Male,58,8,181058.31,1,0,0,59472.41,0
CUST20167,827,Germany,Female,24,3,88838.67,1,0,0,169190.63,0
CUST20168,651,France,Male,25,5,124570.22,2,1,0,71154.01,0
CUST20169,449,Spain,Female,66,0,113129.95,3,0,1,15000.0,0
CUST20170,515,France,Male,27,7,91887.73,1,1,1,51662.03,0
CUST20171,442,Spain,Male,65,9,85256.33,1,0,0,28903.56,0
CUST20172,515,Germany,Male,36,8,105102.36,1,1,0,15000.0,0
CUST20173,795,Germany,Female,59,4,116980.54,2,0,1,68664.32,0
CUST20174,444,Germany,Female,66,0,630.98,1,0,0,81840.28,0
CUST20175,795,Germany,Male,24,5,88601.66,2,1,0,138123.76,0
CUST20176,492,France,Male,35,10,64875.72,2,1,0,113323.07,1
CUST20177,599,Germany,Female,47,0,53466.02,1,0,1,111272.54,1
CUST20178,614,Germany,Male,63,2,146278.04,3,0,0,44805.55,0
CUST20179,412,Spain,Male,27,9,34676.96,3,0,0,124822.0,0
CUST20180,442,Germany,Male,27,6,0.0,3,1,0,147605.48,1
CUST20181,502,Spain,Female,37,1,118764.39,3,0,1,102755.69,0
CUST20182,379,France,Female,28,0,0.0,1,1,1,104013.29,0
CUST20183,727,France,Female,31,4,0.0,3,0,1,28088.85,0
CUST20184,623,France,Female,24,6,124954.72,1,1,0,132449.61,0
CUST20185,772,Spain,Female,61,9,83729.72,1,1,0,165137.37,0
CUST20186,781,France,Female,59,9,100999.58,2,0,0,99532.86,1
CUST20187,523,France,Male,25,5,50666.48,3,0,1,58253.92,0
CUST20188,758,Spain,Male,45,4,0.0,2,1,0,77710.23,0
CUST20189,380,Germany,Female,51,10,9781.7,2,0,1,66081.07,0
CUST20190,564,Germany,Female,50,8,60029.61,2,0,0,68779.77,0
CUST20191,682,Spain,Female,69,2,5017.84,2,0,0,114159.24,0
CUST20192,583,Spain,Male,51,7,91887.91,2,0,0,97575.89,1
CUST20193,719,Spain,Male,53,7,49564.81,2,0,1,130177.15,0
CUST20194,779,Germany,Male,19,2,85176.98,2,0,1,101690.61,0
CUST20195,562,Germany,Male,22,10,83533.15,2,0,1,46116.04,0
CUST20196,487,France,Female,50,3,96273.98,1,0,0,62468.86,0
CUST20197,641,Germany,Male,65,6,102471.54,1,0,1,59672.15,0
CUST20198,784,Spain,Male,38,5,56085.47,1,0,1,76608.85,0
CUST20199,843,France,Male,51,7,85118.31,2,1,0,165762.12,0
CUST20200,757,Spain,Male,28,9,87980.45,1,0,1,172970.48,0
CUST20201,472,France,Female,41,4,0.0,1,1,1,122647.05,0
CUST20202,452,France,Female,57,4,110558.92,3,1,0,90344.37,0
CUST20203,636,Germany,Male,52,8,83246.82,1,1,0,23725.65,1
CUST20204,551,France,Female,23,10,106022.69,3,1,0,94900.37,1
CUST20205,655,Spain,Female,63,9,4223.6,1,0,1,49449.67,0
CUST20206,811,Germany,Female,66,8,57632.48,3,1,0,158373.49,1
CUST20207,624,Germany,Female,42,7,14965.88,1,0,0,15000.0,0
CUST20208,527,Germany,Female,35,8,115953.08,2,0,1,102301.79,0
CUST20209,784,France,Female,45,10,0.0,3,1,0,45659.23,0
CUST20210,569,Spain,Male,59,0,23923.99,1,0,0,84571.82,0
CUST20211,652,Spain,Female,41,6,104387.28,2,0,0,114973.07,0
CUST20212,417,France,Female,19,0,40384.4,3,1,1,130988.59,0
CUST20213,603,France,Female,21,6,23938.51,1,1,0,82268.94,0
CUST20214,563,France,Male,60,4,124869.57,1,1,0,119254.74,0
CUST20215,411,France,Female,58,3,127124.15,3,1,1,55188.85,0
CUST20216,455,Germany,Female,58,9,114713.92,1,1,0,96049.23,0
CUST20217,701,Spain,Male,24,7,121679.03,3,0,1,130099.33,1
CUST20218,440,Germany,Female,26,6,62263.14,3,0,0,99944.48,0
CUST20219,416,France,Female,38,9,63747.39,3,0,1,61179.53,0
CUST20220,378,France,Female,30,1,39355.53,3,0,1,72443.09,0
CUST20221,363,Germany,Female,38,7,84225.1,3,1,1,130704.52,0
CUST20222,567,France,Female,47,1,45965.59,2,1,0,35866.99,0
CUST20223,594,Germany,Male,32,2,51181.36,3,1,0,42505.82,0
CUST20224,662,France,Female,24,2,107994.52,2,1,1,112071.49,0
CUST20225,636,France,Female,38,5,140149.66,2,1,0,65238.54,0
CUST20226,618,Germany,Male,55,6,96904.31,1,0,0,19612.38,0
CUST20227,849,France,Female,50,8,173687.37,3,0,1,145786.84,0
CUST20228,474,Germany,Male,34,4,36196.64,2,0,1,35517.99,0
CUST20229,706,France,Male,34,10,0.0,3,1,1,76025.65,0
CUST20230,389,France,Female,48,4,114304.53,2,1,1,57121.57,0
CUST20231,774,Germany,Female,26,1,32549.15,1,0,1,71604.24,0
CUST20232,531,France,Male,61,0,59946.93,2,0,0,45192.12,0
CUST20233,523,Spain,Female,63,1,0.0,3,0,0,117142.57,0
CUST20234,417,Spain,Male,19,4,25543.44,2,0,1,89987.06,0
CUST20235,604,Germany,Male,68,4,0.0,3,1,1,129264.41,0
CUST20236,549,France,Female,19,9,51113.32,1,1,0,57587.43,0
CUST20237,837,Germany,Male,41,1,53299.67,3,1,0,180985.98,0
CUST20238,439,Germany,Female,52,2,79947.82,3,0,0,15000.0,0
CUST20239,558,Germany,Male,35,10,143184.76,3,0,1,15000.0,0
CUST20240,800,Spain,Male,28,0,112229.84,1,1,1,163888.82,0
CUST20241,753,Spain,Female,20,4,0.0,2,0,0,106331.88,0
CUST20242,732,Germany,Male,55,2,108440.85,1,0,0,100362.37,0
CUST20243,612,France,Male,19,5,81146.51,2,0,1,104407.39,0
CUST20244,786,France,Male,43,10,69619.55,3,0,0,110704.33,0
CUST20245,461,Spain,Female,38,2,73751.53,2,0,0,98489.55,0
CUST20246,754,Germany,Male,68,4,86250.38,3,0,0,41534.3,0
CUST20247,640,France,Female,66,4,36946.23,3,0,1,121818.59,0
CUST20248,524,Germany,Male,60,8,64970.7,3,1,1,114730.52,0
CUST20249,459,Spain,Female,55,10,140116.65,3,1,0,149279.4,0
CUST20250,610,Germany,Female,46,1,36285.18,2,1,0,164390.85,0
CUST20251,351,France,Male,36,5,18356.16,3,0,1,99871.42,0
CUST20252,707,Spain,Female,26,8,71606.1,1,1,1,29760.29,1
CUST20253,467,France,Male,68,0,12818.84,3,1,0,164763.53,0
CUST20254,544,Spain,Female,38,8,0.0,2,0,0,39183.25,0
CUST20255,446,Germany,Male,40,2,56054.31,3,0,1,100208.39,0
CUST20256,582,France,Female,25,5,154674.2,2,1,0,73446.97,0
CUST20257,535,France,Male,32,10,72876.77,1,0,0,65621.86,0
CUST20258,443,Spain,Female,50,6,84821.74,3,0,1,119393.51,0
CUST20259,794,Spain,Male,40,10,0.0,3,0,0,96000.68,1
CUST20260,729,France,Male,48,6,99096.9,1,0,0,108095.87,0
CUST20261,543,Germany,Male,29,2,80135.12,1,0,1,48294.12,0
CUST20262,378,Spain,Female,22,7,38429.68,2,0,0,77166.63,1
CUST20263,772,Spain,Male,64,6,84902.78,2,1,0,50370.93,1
CUST20264,698,Spain,Female,40,3,84356.69,2,0,1,76041.78,0
CUST20265,627,France,Female,36,0,16728.16,1,1,0,79655.7,0
CUST20266,652,Germany,Male,32,7,93251.95,2,0,1,167993.69,0
CUST20267,353,Spain,Male,52,6,140842.45,2,1,1,73327.52,0
CUST20268,586,France,Male,47,8,62463.22,3,1,1,15000.0,0
CUST20269,444,France,Male,38,1,27282.32,2,0,1,147779.12,0
CUST20270,675,Spain,Female,66,5,65233.1,2,0,0,105216.67,0
CUST20271,815,Spain,Female,64,9,122003.73,1,1,1,79104.53,0
CUST20272,615,France,Female,28,9,7552.46,2,0,0,65325.31,1
CUST20273,652,Spain,Female,51,10,106820.7,2,1,0,42388.35,0
CUST20274,683,Germany,Female,68,2,37709.2,1,0,0,172212.16,0
CUST20275,814,Germany,Female,43,1,88313.47,3,0,1,87333.02,0
CUST20276,369,Germany,Male,19,6,43961.78,3,0,1,15000.0,0
CUST20277,505,Spain,Female,24,5,43814.07,1,1,1,99748.3,0
CUST20278,484,Germany,Female,52,2,158770.22,2,0,1,139277.73,0
CUST20279,708,Germany,Male,64,1,0.0,3,1,0,92039.56,0
CUST20280,573,Spain,Female,24,1,101695.14,1,0,1,44428.29,0
CUST20281,736,Germany,Female,46,3,170222.84,1,1,1,40401.66,0
CUST20282,586,Spain,Male,43,8,112703.71,2,1,0,43720.65,0
CUST20283,837,France,Female,32,0,1789.66,1,1,0,153474.61,1
CUST20284,733,Spain,Female,50,1,4513.07,2,0,0,81775.12,0
CUST20285,359,Spain,Female,63,2,33660.6,1,1,1,15000.0,0
CUST20286,844,Spain,Female,30,9,83684.94,3,1,0,102286.03,0
CUST20287,826,Germany,Female,20,10,87426.85,2,0,1,91346.66,0
CUST20288,371,Germany,Male,36,4,5056.69,1,0,1,64799.7,0
CUST20289,545,France,Male,34,0,26998.34,3,1,0,39081.7,0
CUST20290,835,Spain,Female,55,0,30368.46,1,0,0,37124.73,0
CUST20291,768,Spain,Male,45,9,65058.93,2,1,0,133898.52,0
CUST20292,584,France,Female,18,4,184158.25,3,0,0,96138.08,0
CUST20293,622,France,Female,35,0,23674.71,3,0,0,106538.96,1
CUST20294,364,Spain,Male,56,9,21267.32,1,1,1,96014.15,0
CUST20295,632,Spain,Female,42,5,12677.28,2,1,0,99745.99,0
CUST20296,683,Germany,Male,47,3,109954.95,3,0,1,63922.24,0
CUST20297,529,France,Male,31,4,72726.21,3,1,1,75737.68,0
CUST20298,503,Spain,Male,34,2,25707.54,1,0,1,137421.03,0
CUST20299,764,Germany,Male,24,10,55046.24,3,0,1,148656.56,0
CUST20300,574,Spain,Female,22,8,31466.93,1,1,0,30005.86,1
CUST20301,482,Spain,Male,19,2,91274.02,2,1,1,75628.35,0
CUST20302,537,Germany,Male,50,8,222640.71,1,0,1,122767.84,0
CUST20303,596,France,Male,26,1,105297.54,1,1,0,169693.59,1
CUST20304,479,Spain,Male,47,4,69885.63,1,0,0,165188.18,0
CUST20305,630,Spain,Male,67,8,38426.35,1,1,1,49190.9,0
CUST20306,780,Spain,Female,54,0,1113.0,3,1,1,142377.08,1
CUST20307,721,Germany,Female,47,7,115352.94,2,1,0,87638.63,0
CUST20308,465,Spain,Male,24,2,112364.48,2,0,1,131998.75,0
CUST20309,585,Spain,Male,43,7,49364.45,2,0,0,120472.54,0
CUST20310,621,France,Male,64,5,141733.37,2,0,1,28121.62,0
CUST20311,690,France,Male,37,0,76160.88,1,1,1,109748.83,0
CUST20312,728,France,Female,60,8,117611.84,1,1,0,130256.35,0
CUST20313,592,Spain,Male,54,2,91290.84,3,1,1,84093.01,0
CUST20314,507,France,Male,31,10,65257.53,1,0,0,73915.76,0
CUST20315,679,Germany,Female,25,9,22481.35,3,1,1,15000.0,0
CUST20316,412,Spain,Male,18,2,66995.49,3,1,1,115762.79,0
CUST20317,687,Germany,Female,32,6,121312.79,1,0,1,94393.68,0
CUST20318,798,France,Female,35,3,47052.57,1,0,0,43501.72,0
CUST20319,704,Germany,Female,52,6,99185.78,1,0,0,70337.2,0
CUST20320,566,France,Male,47,6,15449.53,2,0,1,91952.65,0
CUST20321,761,Germany,Female,42,3,117903.21,1,1,1,59861.39,0
CUST20322,616,Spain,Female,55,7,92211.77,3,1,0,85120.47,0
CUST20323,620,Germany,Female,58,2,8883.91,2,0,1,15000.0,0
CUST20324,776,Spain,Male,55,9,62679.2,3,1,1,145723.98,0
CUST20325,446,France,Female,64,10,126229.25,3,0,1,85715.92,1
CUST20326,739,Spain,Female,36,1,5753.21,2,1,0,35529.09,0
CUST20327,689,Germany,Female,60,8,16097.74,2,1,0,15000.0,0
CUST20328,614,France,Female,39,10,71177.67,1,1,0,131311.07,1
CUST20329,388,Germany,Male,27,1,192333.19,1,1,0,110114.12,0
CUST20330,732,France,Female,25,8,38008.21,2,1,0,94480.86,0
CUST20331,459,Germany,Female,22,10,102240.07,2,1,0,123864.16,0
CUST20332,797,Germany,Female,67,2,89307.45,2,0,0,123740.43,0
CUST20333,746,France,Male,26,6,42576.41,1,1,0,93749.71,0
CUST20334,531,Spain,Female,61,8,83862.33,3,1,1,73560.36,0
CUST20335,567,Germany,Female,58,3,50369.09,2,1,0,66228.63,0
CUST20336,362,France,Female,40,2,55320.74,2,0,0,103942.39,0
CUST20337,599,Germany,Male,65,4,0.0,2,0,1,147866.41,0
CUST20338,378,Spain,Female,65,3,73656.01,2,1,1,80369.36,0
CUST20339,843,Spain,Male,66,7,124450.14,2,1,1,151441.48,0
CUST20340,670,Germany,Female,43,4,78158.42,3,1,0,101791.86,0
CUST20341,467,Spain,Male,33,4,134977.93,2,1,0,102131.09,0
CUST20342,751,France,Male,20,10,106918.01,1,1,1,193229.93,0
CUST20343,359,Germany,Female,61,6,71725.23,3,1,1,159370.52,0
CUST20344,624,France,Female,63,10,40464.09,1,1,0,160537.42,0
CUST20345,405,Spain,Female,45,7,48255.5,1,0,1,49107.39,0
CUST20346,377,Spain,Male,21,9,0.0,1,1,1,183648.21,0
CUST20347,472,France,Male,60,2,60310.66,3,0,1,81300.24,0
CUST20348,497,France,Female,33,10,83029.93,2,1,1,74762.9,0
CUST20349,712,Spain,Female,46,10,169348.16,1,1,1,15000.0,0
CUST20350,795,Germany,Female,52,0,104057.62,3,1,0,99683.09,0
CUST20351,737,France,Male,25,3,27433.03,1,1,1,36249.07,0
CUST20352,719,France,Female,21,4,0.0,3,0,1,103371.42,0
CUST20353,632,Germany,Female,22,4,63639.64,3,1,0,32729.57,0
CUST20354,535,France,Male,67,8,119647.04,1,1,0,165896.49,0
CUST20355,477,France,Male,67,7,62866.1,3,1,0,109820.83,1
CUST20356,822,France,Male,40,2,104809.13,2,0,0,187594.22,0
CUST20357,610,France,Male,40,6,65038.1,1,1,1,38963.92,0
CUST20358,632,Spain,Female,39,10,114435.02,2,0,0,154713.07,0
CUST20359,357,Spain,Female,36,4,0.0,2,0,1,15000.0,0
CUST20360,578,Spain,Male,46,10,163230.02,1,1,1,94363.4,0
CUST20361,690,France,Female,36,7,13813.41,3,1,1,56576.96,0
CUST20362,597,France,Female,50,10,118655.28,1,1,1,64841.96,0
CUST20363,657,France,Female,37,9,60029.88,3,1,1,61757.66,0
CUST20364,754,Germany,Male,50,0,68629.47,3,1,1,43837.77,0
CUST20365,360,France,Female,67,8,61739.4,2,0,0,28314.03,0
CUST20366,802,France,Female,28,2,89058.25,1,0,1,65090.79,0
CUST20367,758,Spain,Female,21,9,100163.85,1,0,0,90221.28,0
CUST20368,559,Germany,Female,45,8,133209.88,1,1,0,137366.25,1
CUST20369,731,Spain,Male,24,2,152437.19,2,1,1,98290.77,0
CUST20370,383,France,Female,30,0,93250.19,3,1,0,137494.31,0
CUST20371,504,Spain,Male,59,4,169252.08,1,1,0,18482.04,0
CUST20372,403,Spain,Female,39,3,80113.49,3,1,1,65516.38,0
CUST20373,667,Spain,Female,46,6,134259.22,1,0,1,116995.22,0
CUST20374,778,Germany,Female,58,0,98579.58,1,0,1,100443.58,0
CUST20375,650,Spain,Male,24,0,44793.75,2,0,1,46247.12,0
CUST20376,705,Germany,Male,42,4,84967.88,3,0,1,127033.1,0
CUST20377,421,Germany,Female,19,8,102674.45,3,0,1,61092.71,0
CUST20378,817,France,Male,43,3,73229.1,2,1,1,50018.64,0
CUST20379,446,France,Male,29,3,97707.11,1,1,0,106912.65,0
CUST20380,613,Spain,Male,65,1,122594.96,1,0,1,85277.62,1
CUST20381,691,France,Male,31,3,73714.48,3,1,1,61468.94,0
CUST20382,778,France,Male,28,3,0.0,1,1,0,59940.92,0
CUST20383,816,France,Male,18,2,167304.86,3,0,0,36859.14,0
CUST20384,649,Germany,Male,24,3,58632.47,3,0,1,67191.33,0
CUST20385,638,Spain,Female,29,3,29719.59,3,1,1,134500.42,0
CUST20386,558,France,Female,29,7,13173.93,1,1,1,96004.77,0
CUST20387,633,France,Female,56,3,56495.48,1,0,0,128136.73,0
CUST20388,687,Spain,Female,64,8,44048.87,1,0,1,108223.08,0
CUST20389,673,France,Male,62,6,34464.48,2,0,1,57448.92,1
CUST20390,646,Germany,Female,67,7,37483.06,2,0,1,15000.0,1
CUST20391,570,Spain,Male,64,6,104135.86,1,0,0,43291.55,0
CUST20392,447,Germany,Male,41,10,186669.99,2,1,1,54794.39,0
CUST20393,377,France,Male,38,2,120131.44,1,1,0,51313.77,0
CUST20394,560,Spain,Female,51,10,136742.9,2,1,0,129145.9,1
CUST20395,548,France,Male,34,2,54242.45,1,1,1,128676.48,0
CUST20396,654,France,Female,49,1,80756.6,3,0,0,184534.58,0
CUST20397,800,France,Male,69,9,98456.53,1,0,0,50632.55,1
CUST20398,700,Germany,Female,28,9,38724.32,3,0,0,156885.17,0
CUST20399,752,Spain,Female,58,1,51584.85,1,1,0,156607.02,0
CUST20400,639,Germany,Female,66,6,122000.36,1,0,0,74548.13,0
CUST20401,813,France,Male,45,5,134966.1,1,1,1,106309.99,0
CUST20402,819,Germany,Female,36,2,78707.56,2,0,1,140833.0,0
CUST20403,426,France,Male,31,5,9266.36,3,1,1,82348.39,0
CUST20404,669,Germany,Male,26,7,58742.44,1,1,0,78862.37,0
CUST20405,602,France,Male,34,6,0.0,3,1,0,56769.82,1
CUST20406,836,Spain,Male,56,5,79136.13,3,0,1,15000.0,0
CUST20407,642,Spain,Male,44,9,89047.17,2,1,1,88171.22,0
CUST20408,357,Spain,Female,29,2,60110.93,2,1,0,53055.88,0
CUST20409,454,France,Male,46,6,88294.12,3,0,1,36609.31,0
CUST20410,414,France,Male,60,3,97929.57,3,0,0,103998.62,0
CUST20411,450,France,Female,18,10,89127.41,1,0,1,19690.95,0
CUST20412,397,Spain,Male,19,2,8915.83,3,0,0,121273.6,0
CUST20413,741,Spain,Female,67,9,61070.46,2,1,0,106761.97,0
CUST20414,597,France,Female,56,6,97541.36,1,0,0,66991.31,0
CUST20415,685,Spain,Female,47,2,161829.15,3,1,0,82151.04,0
CUST20416,849,Germany,Male,65,8,60044.08,3,1,1,31440.05,0
CUST20417,673,France,Male,48,2,105296.21,2,1,1,118765.24,0
CUST20418,589,France,Male,45,2,123298.36,3,1,1,93431.39,1
CUST20419,483,France,Female,28,3,64185.48,1,1,0,96783.25,0
CUST20420,727,Spain,Male,60,7,138162.43,3,1,1,107585.07,0
CUST20421,603,France,Female,57,4,141119.56,2,1,0,56091.31,0
CUST20422,728,France,Male,33,6,150921.16,1,0,0,16642.38,0
CUST20423,361,Spain,Female,56,6,100213.77,2,1,1,128079.33,0
CUST20424,431,France,Male,55,2,204807.55,1,0,1,115992.33,0
CUST20425,414,France,Female,22,2,41159.43,2,1,0,60908.85,0
CUST20426,690,Spain,Male,26,3,191824.27,3,0,0,103409.96,0
CUST20427,609,Spain,Male,48,2,117256.47,2,0,1,141608.8,0
CUST20428,508,Germany,Male,50,10,148721.3,3,1,1,136241.54,0
CUST20429,504,Spain,Female,52,4,57397.92,2,1,0,59594.85,0
CUST20430,653,Spain,Female,37,4,121446.11,3,0,1,18005.75,0
CUST20431,832,Germany,Female,61,7,153483.58,1,1,1,25725.32,0
CUST20432,847,Spain,Female,41,8,15195.27,3,0,0,70972.33,0
CUST20433,585,France,Female,28,7,66017.05,2,0,1,150804.27,0
CUST20434,685,France,Female,23,6,0.0,3,1,1,52219.96,0
CUST20435,391,Spain,Female,63,10,65191.69,1,0,1,58165.25,0
CUST20436,822,France,Female,54,9,30119.55,1,0,0,57239.0,0
CUST20437,358,Spain,Female,41,2,63022.78,3,1,1,61072.11,0
CUST20438,521,Germany,Female,28,1,235800.38,3,1,1,84494.79,0
CUST20439,712,Spain,Male,23,4,169479.19,3,1,1,27397.74,0
CUST20440,834,Germany,Female,25,9,0.0,2,1,1,133796.2,0
CUST20441,435,France,Female,23,10,105565.61,2,0,0,78483.05,0
CUST20442,680,Germany,Female,45,7,118941.21,2,1,0,196561.06,0
CUST20443,443,Spain,Female,28,7,56415.66,3,0,1,32189.31,0
CUST20444,375,Spain,Female,24,2,84806.92,1,1,1,156543.98,0
CUST20445,561,Spain,Female,32,6,90179.02,1,0,1,147610.54,1
CUST20446,638,Spain,Female,54,2,936.37,1,0,1,66474.22,0
CUST20447,482,Spain,Female,43,5,18276.89,2,0,1,67222.27,0
CUST20448,836,Spain,Female,25,2,84476.32,3,1,0,43541.6,0
CUST20449,658,Germany,Male,56,0,80467.14,2,1,0,44058.04,0
CUST20450,569,Germany,Female,43,10,36029.05,2,0,1,84972.73,0
CUST20451,592,Germany,Male,27,9,31309.31,2,1,0,85931.32,0
CUST20452,582,Spain,Female,53,7,70062.14,1,1,0,15000.0,0
CUST20453,405,Germany,Male,69,6,123738.3,3,1,1,188207.74,0
CUST20454,653,Spain,Male,46,2,70793.28,3,1,0,73321.74,1
CUST20455,742,Spain,Female,26,6,164250.2,3,0,1,87952.55,0
CUST20456,560,France,Female,34,8,36729.87,3,0,0,56819.32,1
CUST20457,562,Spain,Female,49,5,85621.04,2,0,0,72984.57,0
CUST20458,805,Spain,Male,69,3,55513.75,3,1,0,68895.48,0
CUST20459,655,Germany,Female,66,4,107337.85,2,0,0,84868.13,0
CUST20460,498,France,Male,66,9,32012.67,3,0,1,84343.45,0
CUST20461,351,France,Female,61,2,181006.88,2,1,1,121218.99,0
CUST20462,761,Spain,Male,47,10,0.0,3,0,0,95224.9,0
CUST20463,663,France,Female,51,8,169351.41,1,1,0,116692.74,0
CUST20464,663,Germany,Female,56,9,79949.37,1,0,1,84558.51,0
CUST20465,491,Germany,Male,55,5,105383.35,1,0,1,95406.36,0
CUST20466,443,France,Male,51,2,148398.87,2,1,1,74141.24,1
CUST20467,597,Spain,Female,24,0,122171.38,3,1,0,130140.03,0
CUST20468,728,Germany,Female,63,5,34848.52,2,1,1,99518.01,0
CUST20469,498,France,Female,18,4,108004.93,3,0,0,77886.63,0
CUST20470,613,France,Male,40,1,177711.07,2,1,1,76544.04,0
CUST20471,848,Germany,Female,40,10,26198.96,3,0,0,80084.23,0
CUST20472,459,France,Male,69,10,191513.57,3,1,0,86369.98,0
CUST20473,465,Spain,Female,22,4,96213.64,1,1,1,82463.75,0
CUST20474,467,Germany,Female,42,7,51172.47,3,0,1,59852.13,0
CUST20475,806,Germany,Female,36,4,25869.08,1,0,1,119420.52,0
CUST20476,614,Germany,Male,23,5,62719.21,2,1,0,122263.42,0
CUST20477,808,France,Male,29,6,0.0,2,1,0,165273.56,0
CUST20478,823,Germany,Female,39,4,52161.55,1,1,0,57836.66,1
CUST20479,560,Germany,Female,65,8,60539.0,3,0,0,114989.74,1
CUST20480,377,France,Male,38,2,15907.25,2,0,0,15000.0,0
CUST20481,502,Germany,Female,63,7,116131.49,1,1,0,122306.94,0
CUST20482,621,Germany,Female,56,10,62967.85,1,1,0,19453.8,0
CUST20483,540,France,Male,60,9,40031.3,1,0,0,40705.1,1
CUST20484,351,Spain,Male,62,0,57106.63,1,0,0,99950.14,1
CUST20485,844,Germany,Male,55,1,94530.91,1,0,1,57032.54,0
CUST20486,501,France,Male,56,6,79027.17,1,0,1,50874.09,0
CUST20487,659,Germany,Male,26,10,36446.37,3,0,0,63183.28,0
CUST20488,823,France,Male,55,9,81910.94,3,1,1,117833.17,0
CUST20489,622,Germany,Male,20,9,72212.82,3,1,1,43019.93,1
CUST20490,697,France,Male,56,1,12329.47,2,1,0,82563.03,1
CUST20491,367,Germany,Female,52,5,59132.24,3,1,0,67960.47,1
CUST20492,698,France,Male,57,7,106863.6,3,0,1,121895.08,0
CUST20493,773,France,Male,51,6,106467.6,1,1,0,123156.48,0
CUST20494,809,France,Female,37,8,62351.96,3,1,0,15000.0,1
CUST20495,391,France,Male,37,2,112222.5,3,0,0,132029.92,0
CUST20496,464,Germany,Female,48,5,21102.45,2,0,0,57515.98,0
CUST20497,373,France,Female,42,4,22805.67,2,0,0,95633.15,0
CUST20498,808,France,Female,35,10,61180.98,2,0,0,42749.11,0
CUST20499,487,France,Male,43,2,157366.14,1,0,0,101701.06,0
CUST20500,615,Spain,Female,45,3,83978.84,1,1,0,199810.7,1
CUST20501,587,Spain,Female,30,0,59854.88,1,1,0,90722.45,0
CUST20502,694,France,Female,51,1,159927.59,1,1,1,64306.85,0
CUST20503,797,France,Male,34,10,59218.39,2,0,0,74552.74,0
CUST20504,511,Spain,Male,31,9,197910.33,2,1,0,18893.65,0
CUST20505,745,Spain,Male,39,2,46879.43,1,0,1,150203.35,0
CUST20506,495,Spain,Male,23,7,19354.92,1,0,0,99079.74,0
CUST20507,448,France,Female,49,6,65850.09,3,1,0,37799.59,0
CUST20508,403,Germany,Male,56,9,61300.37,3,1,1,39265.68,0
CUST20509,536,France,Female,67,3,30575.4,2,1,0,85687.71,0
CUST20510,630,Germany,Female,32,10,218108.57,3,0,0,126939.79,0
CUST20511,740,France,Female,46,4,92524.46,2,0,0,33205.45,0
CUST20512,774,France,Female,44,7,100533.73,1,0,0,135103.42,0
CUST20513,613,Germany,Female,56,4,49596.64,3,0,1,80876.49,0
CUST20514,554,Spain,Male,50,7,43228.18,3,0,1,43139.05,0
CUST20515,437,Germany,Male,59,3,131405.71,2,0,1,63953.93,0
CUST20516,807,Spain,Male,62,9,0.0,2,0,1,163684.92,0
CUST20517,548,Spain,Female,23,7,12142.45,1,1,1,22530.4,0
CUST20518,732,Spain,Male,36,3,61398.03,2,0,0,52064.82,0
CUST20519,662,France,Male,51,10,149307.6,2,0,1,127866.26,0
CUST20520,815,France,Male,46,7,54401.57,2,1,1,94740.57,0
CUST20521,836,Germany,Male,43,4,97888.34,1,1,1,49394.16,0
CUST20522,703,Spain,Male,27,1,76525.08,3,1,1,128415.7,0
CUST20523,680,Spain,Male,47,10,146294.21,2,0,0,130553.31,0
CUST20524,418,Spain,Male,56,8,0.0,1,0,0,99912.58,1
CUST20525,358,France,Female,19,7,115477.98,3,1,1,57442.15,0
CUST20526,623,Germany,Female,48,9,64060.56,2,1,0,64376.29,0
CUST20527,702,France,Male,65,6,125868.63,2,1,1,97810.42,0
CUST20528,723,France,Male,47,2,29939.48,2,1,1,25963.19,0
CUST20529,475,France,Male,67,2,76341.62,2,0,0,144750.32,1
CUST20530,601,Spain,Male,36,0,69362.13,1,1,1,161509.41,1
CUST20531,781,France,Male,18,0,19866.05,1,0,0,74382.03,1
CUST20532,397,Germany,Female,53,8,4577.28,3,1,0,101024.7,0
CUST20533,541,Spain,Female,29,9,43077.38,2,0,0,138361.09,1
CUST20534,822,Spain,Female,18,1,82146.21,2,1,1,173000.24,0
CUST20535,449,Germany,Male,27,6,33369.83,1,1,0,155064.16,1
CUST20536,508,Germany,Female,66,1,56845.95,3,1,1,15000.0,0
CUST20537,583,Germany,Female,58,4,0.0,3,1,1,70800.08,0
CUST20538,694,Spain,Male,32,8,54614.25,3,0,0,107530.97,0
CUST20539,477,Spain,Male,49,8,131297.27,2,1,0,62760.22,0
CUST20540,746,Germany,Female,35,10,113784.92,2,0,0,165224.5,1
CUST20541,467,Germany,Female,27,3,70219.29,3,0,1,158321.88,0
CUST20542,534,Germany,Female,69,10,88400.9,3,1,1,48283.14,1
CUST20543,636,Germany,Male,60,8,29445.68,2,0,1,77692.0,0
CUST20544,356,Spain,Female,36,3,164344.13,3,0,0,51270.06,0
CUST20545,733,France,Female,36,3,188726.94,3,1,0,76219.22,0
CUST20546,684,Spain,Male,60,1,84065.3,3,1,0,74855.54,0
CUST20547,767,Germany,Male,41,10,217487.72,1,1,0,127941.61,0
CUST20548,487,France,Male,37,2,37589.97,1,1,0,45019.09,0
CUST20549,548,France,Male,38,2,6190.64,1,1,1,15000.0,0
CUST20550,799,Germany,Female,41,4,35970.69,3,0,1,15000.0,0
CUST20551,383,France,Male,45,1,62928.04,1,1,1,38726.43,0
CUST20552,595,France,Male,20,8,202163.66,1,0,0,55493.88,0
CUST20553,591,France,Male,42,7,59536.25,1,1,0,93422.85,1
CUST20554,573,Spain,Female,40,1,27718.93,1,0,0,36409.27,0
CUST20555,566,Spain,Male,32,1,25584.76,3,1,0,30500.47,0
CUST20556,723,France,Female,36,0,137701.22,3,1,0,43174.87,0
CUST20557,448,Spain,Male,40,10,129851.6,3,1,1,34795.57,0
CUST20558,795,Germany,Female,37,4,48298.7,1,1,1,60047.78,0
CUST20559,798,Spain,Female,65,7,0.0,2,1,1,58122.07,0
CUST20560,439,France,Female,45,1,12927.36,3,1,1,116007.56,0
CUST20561,837,France,Female,44,2,169668.41,2,1,0,40471.18,0
CUST20562,481,France,Male,31,5,112884.43,3,0,0,68908.15,0
CUST20563,375,Spain,Male,65,2,78600.38,2,1,0,60473.98,0
CUST20564,549,Germany,Female,19,6,177785.82,1,0,1,121399.82,0
CUST20565,747,France,Male,46,10,182707.95,2,0,1,78057.43,0
CUST20566,772,Spain,Male,26,3,73023.32,3,1,0,132281.35,0
CUST20567,672,Spain,Male,57,6,74033.55,3,1,0,33143.34,0
CUST20568,755,Germany,Male,37,10,42987.43,2,1,0,82778.5,0
CUST20569,480,Spain,Male,33,9,59346.82,2,1,0,59084.9,0
CUST20570,789,France,Female,21,0,0.0,3,1,1,29827.93,0
CUST20571,667,Germany,Male,59,1,0.0,3,0,1,81962.0,0
CUST20572,416,Spain,Male,38,10,0.0,2,1,1,162981.75,0
CUST20573,414,Germany,Male,31,10,134638.54,1,1,0,46619.1,0
CUST20574,483,France,Female,61,3,0.0,3,1,0,79264.53,0
CUST20575,384,Spain,Male,19,5,182247.93,3,0,0,25949.58,0
CUST20576,491,Spain,Female,42,6,34829.22,1,1,0,19334.75,0
CUST20577,846,Spain,Female,26,7,170554.24,1,0,1,49573.65,0
CUST20578,470,Germany,Female,24,8,54922.01,1,0,0,64750.76,0
CUST20579,668,France,Female,19,4,0.0,2,0,1,66748.76,0
CUST20580,838,France,Female,27,9,145607.84,1,1,0,74828.87,1
CUST20581,476,Spain,Female,67,0,152102.61,3,1,1,15000.0,0
CUST20582,698,Spain,Female,41,0,25167.19,3,0,0,56832.42,0
CUST20583,575,France,Male,69,10,56759.13,1,1,0,107579.13,1
CUST20584,492,Germany,Female,31,1,25181.22,3,1,0,23878.97,0
CUST20585,825,Germany,Female,57,10,68371.03,1,1,1,69018.44,0
CUST20586,678,Germany,Female,22,3,80930.6,3,1,1,98177.97,0
CUST20587,569,Germany,Male,23,4,55673.93,2,0,1,49797.99,0
CUST20588,756,Spain,Male,18,0,0.0,1,0,1,100368.6,0
CUST20589,800,Spain,Male,64,10,43051.64,2,1,1,16549.32,1
CUST20590,740,France,Male,52,3,113693.53,3,0,0,124980.23,0
CUST20591,784,Germany,Female,56,1,63510.53,3,0,1,101461.03,0
CUST20592,511,Spain,Female,66,5,56990.77,1,0,0,87504.94,1
CUST20593,522,France,Male,35,1,23807.29,3,0,1,135616.81,0
CUST20594,466,Spain,Female,55,8,41447.17,1,0,1,70179.29,0
CUST20595,698,Germany,Male,44,0,152492.15,2,0,1,57196.47,0
CUST20596,751,Germany,Male,46,5,12312.25,1,0,0,146764.49,0
CUST20597,680,France,Female,52,4,114645.27,3,1,1,167834.46,0
CUST20598,649,Spain,Male,42,0,77588.04,3,0,1,53795.3,0
CUST20599,735,Germany,Female,19,0,88464.59,2,0,0,79881.55,0
CUST20600,440,Germany,Female,21,5,34720.4,3,0,0,132026.91,0
CUST20601,532,Germany,Female,44,4,55652.24,3,1,1,81483.47,0
CUST20602,703,France,Female,47,1,74685.39,1,0,1,111756.48,0
CUST20603,376,Spain,Male,56,1,46363.32,1,1,1,120118.16,0
CUST20604,805,France,Female,47,8,93228.77,1,0,0,59696.29,0
CUST20605,435,France,Male,27,8,100159.15,2,0,0,103867.36,0
CUST20606,743,Spain,Male,37,6,194498.86,2,0,1,84721.33,0
CUST20607,658,France,Female,41,9,90300.45,1,1,0,30240.91,0
CUST20608,773,Spain,Male,69,0,0.0,2,0,1,40465.63,0
CUST20609,737,Germany,Male,45,7,138966.05,1,0,1,55641.24,0
CUST20610,607,Spain,Male,51,8,63787.11,3,0,1,126783.39,0
CUST20611,728,France,Male,56,2,185655.89,3,0,0,128261.12,0
CUST20612,523,Spain,Female,36,5,155900.84,3,1,1,118746.08,0
CUST20613,641,France,Male,68,8,47210.29,1,0,1,104804.98,0
CUST20614,807,Spain,Male,53,6,114704.65,3,0,0,103577.18,0
CUST20615,392,Germany,Female,62,2,42332.47,2,1,1,97490.22,0
CUST20616,527,France,Male,56,7,75148.0,3,0,1,103341.87,1
CUST20617,358,Germany,Female,50,8,112179.16,3,1,0,106391.32,1
CUST20618,617,France,Male,19,0,136215.01,2,1,1,21801.0,0
CUST20619,741,France,Male,48,6,124236.32,1,1,0,49438.88,0
CUST20620,369,Spain,Female,24,5,79124.43,3,0,1,38698.53,0
CUST20621,624,Germany,Female,49,4,211588.31,2,1,1,134821.53,0
CUST20622,557,Spain,Male,54,0,54923.88,3,1,0,159434.5,0
CUST20623,741,Spain,Male,46,0,0.0,3,0,0,15000.0,0
CUST20624,460,Germany,Female,34,8,0.0,1,0,0,155416.66,0
CUST20625,431,Germany,Female,21,9,156070.43,3,1,1,88902.46,0
CUST20626,397,France,Female,52,4,70784.09,1,1,1,130572.39,1
CUST20627,553,France,Male,54,10,83748.16,1,0,0,107791.02,0
CUST20628,593,Spain,Female,42,10,45161.19,1,1,1,149817.78,0
CUST20629,809,France,Male,55,7,50101.36,3,0,0,94438.41,0
CUST20630,582,Germany,Male,58,6,31709.73,1,0,0,23644.55,0
CUST20631,435,France,Male,44,10,100913.29,3,1,1,80244.63,0
CUST20632,699,Spain,Male,20,6,69644.1,1,1,1,108204.52,0
CUST20633,380,Germany,Female,63,10,98925.3,2,0,0,75281.75,0
CUST20634,522,Germany,Male,42,10,93669.11,1,1,1,114597.93,0
CUST20635,676,Spain,Female,52,2,51576.67,2,0,1,82043.62,0
CUST20636,476,France,Female,65,7,0.0,2,1,0,58202.08,0
CUST20637,647,France,Female,36,8,0.0,3,0,1,36130.97,0
CUST20638,576,Germany,Female,50,9,241465.84,3,1,0,67368.31,0
CUST20639,826,France,Male,19,3,156299.54,3,0,0,94205.72,0
CUST20640,493,France,Female,64,9,148710.04,2,0,1,15000.0,0
CUST20641,803,France,Male,21,5,37896.63,1,1,0,49896.56,0
CUST20642,662,Spain,Male,46,4,75523.04,1,0,1,15000.0,0
CUST20643,724,France,Male,36,1,30155.05,3,0,1,57231.63,0
CUST20644,434,France,Female,19,3,2835.48,2,1,0,138879.16,1
CUST20645,359,Spain,Male,42,10,42617.46,3,1,1,31624.76,1
CUST20646,715,France,Female,66,7,147940.17,2,0,0,116642.19,0
CUST20647,590,France,Male,26,7,121241.0,2,0,1,213197.13,0
CUST20648,504,Germany,Female,33,9,21647.36,3,0,0,150409.22,0
CUST20649,798,France,Female,27,2,57685.12,3,1,1,91008.1,0
CUST20650,513,Spain,Female,24,7,116201.77,1,0,0,123629.55,0
CUST20651,566,Germany,Female,29,4,43596.57,2,1,0,23364.27,0
CUST20652,712,Spain,Female,47,9,79377.24,1,1,0,15000.0,0
CUST20653,831,France,Female,58,4,97101.61,3,1,0,86291.41,0
CUST20654,799,Germany,Male,53,9,96501.18,1,1,0,102937.48,0
CUST20655,676,France,Male,58,8,88978.0,3,1,1,134248.19,0
CUST20656,405,France,Female,55,8,39046.66,3,0,1,59405.7,0
CUST20657,404,Germany,Male,37,10,44696.4,1,1,1,93702.8,0
CUST20658,696,Spain,Female,64,8,12649.26,2,1,0,92160.02,0
CUST20659,604,France,Female,26,3,0.0,1,1,1,79087.27,0
CUST20660,416,Spain,Female,54,5,68688.82,2,1,0,81738.63,0
CUST20661,697,France,Male,23,5,119894.28,2,1,0,46538.3,0
CUST20662,821,France,Male,57,0,0.0,2,0,1,97586.83,1
CUST20663,382,Germany,Female,22,6,90013.53,3,0,1,93777.25,1
CUST20664,762,Germany,Male,29,4,118154.72,2,1,0,65199.47,0
CUST20665,522,Germany,Female,38,4,0.0,2,0,1,114959.84,0
CUST20666,548,Spain,Male,54,1,60118.04,1,1,1,131252.42,0
CUST20667,708,France,Male,20,5,165541.56,3,1,0,115481.93,0
CUST20668,473,Spain,Male,31,6,105356.76,1,0,0,38090.05,0
CUST20669,428,Spain,Male,35,1,0.0,2,0,1,89484.06,0
CUST20670,831,Spain,Female,56,6,111208.67,1,0,0,43985.58,0
CUST20671,524,France,Female,67,1,33874.48,1,0,1,89344.96,1
CUST20672,434,Germany,Male,49,1,113021.88,2,1,0,44160.85,0
CUST20673,694,Spain,Female,44,4,37045.5,3,1,0,142472.35,0
CUST20674,458,Spain,Male,35,4,72083.22,1,1,1,120249.92,0
CUST20675,737,Spain,Female,60,10,45435.15,2,0,0,136884.52,0
CUST20676,385,Spain,Female,23,0,75173.67,3,0,0,132327.49,0
CUST20677,609,Germany,Female,24,3,43799.59,2,0,0,72823.01,0
CUST20678,551,France,Female,28,8,62705.4,1,0,1,65847.56,0
CUST20679,828,France,Female,31,2,10341.72,1,1,1,163377.57,1
CUST20680,610,France,Male,42,10,101986.28,3,1,1,77569.62,0
CUST20681,812,Spain,Male,67,8,84640.69,1,0,0,24043.87,0
CUST20682,474,France,Female,51,10,0.0,1,1,1,130336.0,1
CUST20683,586,Germany,Female,37,10,129610.42,1,0,0,91469.91,0
CUST20684,756,Spain,Female,28,1,65304.16,3,1,0,152767.49,0
CUST20685,430,France,Female,51,5,83896.93,2,0,0,95933.64,0
CUST20686,813,Germany,Male,31,8,117050.89,3,0,1,84099.93,0
CUST20687,736,Germany,Male,68,0,93053.32,2,0,0,153675.44,0
CUST20688,688,Spain,Female,42,4,139086.17,1,0,1,15769.01,0
CUST20689,471,Germany,Male,46,7,58868.75,1,0,0,58658.7,0
CUST20690,759,Germany,Male,64,8,131893.62,1,1,0,45068.67,1
CUST20691,771,Spain,Female,33,4,81760.85,1,1,1,15000.0,1
CUST20692,496,Spain,Male,42,9,102919.84,2,1,1,124292.94,0
CUST20693,643,Spain,Female,45,7,97199.6,1,0,0,59916.17,1
CUST20694,380,Spain,Female,32,0,143240.17,1,1,0,125741.56,0
CUST20695,547,Spain,Male,20,3,114677.68,2,0,0,102508.89,0
CUST20696,425,Spain,Female,32,10,50638.0,2,0,1,112321.41,0
CUST20697,628,Spain,Female,23,0,39730.31,3,1,0,64507.02,1
CUST20698,624,France,Female,53,1,72263.52,2,1,0,50608.83,1
CUST20699,616,Germany,Female,18,3,33194.42,2,0,0,89039.24,0
CUST20700,688,France,Male,34,10,17129.43,2,1,0,126362.57,0
CUST20701,812,Germany,Female,63,7,0.0,1,0,0,82732.81,0
CUST20702,448,Germany,Female,47,1,0.0,2,0,1,53412.87,0
CUST20703,457,Spain,Male,52,4,184197.35,2,0,1,31044.19,0
CUST20704,457,Germany,Male,52,10,38892.49,1,0,0,94187.34,0
CUST20705,814,Spain,Male,33,2,179690.32,3,0,1,60066.96,0
CUST20706,396,Spain,Male,50,6,97173.5,2,1,0,81771.67,0
CUST20707,365,Spain,Male,29,5,72263.31,3,0,1,74254.95,0
CUST20708,430,France,Female,51,8,0.0,1,1,0,65000.61,0
CUST20709,734,Spain,Female,53,8,75256.79,3,0,0,98221.16,0
CUST20710,639,France,Female,63,9,179070.11,2,0,0,109952.68,0
CUST20711,809,Germany,Female,65,1,160670.02,3,1,1,173437.55,0
CUST20712,452,Germany,Male,19,4,90083.13,2,1,1,119108.55,0
CUST20713,547,France,Male,33,7,11823.24,2,1,1,156715.7,0
CUST20714,627,Spain,Female,46,4,22355.91,1,0,0,48162.98,0
CUST20715,386,Spain,Female,34,7,28107.45,3,1,0,15000.0,1
CUST20716,809,Germany,Female,50,6,145298.52,1,0,0,84350.64,0
CUST20717,752,France,Male,62,4,164744.62,1,0,0,123611.23,0
CUST20718,421,France,Male,31,1,85774.11,2,0,0,116552.28,0
CUST20719,771,France,Female,64,10,58330.58,3,1,1,139512.17,0
CUST20720,574,Spain,Male,63,9,160179.08,3,1,1,15000.0,0
CUST20721,518,Germany,Male,65,9,21178.46,3,1,0,141383.96,0
CUST20722,823,France,Male,21,3,77850.28,2,1,0,100095.82,1
CUST20723,609,Germany,Female,33,3,100463.13,3,0,0,15519.4,0
CUST20724,463,Spain,Male,24,3,27545.97,2,0,1,117558.8,0
CUST20725,754,Germany,Female,24,0,40024.72,2,1,1,92626.72,0
CUST20726,707,Germany,Male,20,1,35744.43,1,1,1,102155.32,0
CUST20727,446,France,Female,40,3,152919.98,3,1,0,129959.91,0
CUST20728,688,Spain,Male,22,10,180290.2,1,1,0,104362.39,0
CUST20729,664,France,Male,33,2,81313.59,1,0,1,18722.87,0
CUST20730,487,Spain,Male,69,5,60247.98,2,1,0,78563.82,0
CUST20731,565,France,Male,63,6,42008.74,2,1,0,15000.0,1
CUST20732,769,France,Female,66,3,75096.05,1,0,0,114207.78,0
CUST20733,437,Germany,Male,19,10,44737.8,2,0,0,147908.66,0
CUST20734,711,France,Female,52,1,69663.34,1,0,1,29134.66,0
CUST20735,765,France,Female,50,9,97727.81,2,0,0,54784.13,0
CUST20736,818,France,Male,24,8,52707.79,3,1,1,45293.38,0
CUST20737,512,Spain,Male,65,3,64572.66,3,0,0,64574.26,0
CUST20738,483,Spain,Female,39,8,64800.0,1,1,0,103559.04,0
CUST20739,817,France,Female,68,4,57534.01,2,0,1,65061.89,0
CUST20740,581,Germany,Female,23,10,50720.37,2,0,1,114363.86,0
CUST20741,634,Germany,Female,51,0,116920.81,1,1,1,132942.09,0
CUST20742,606,Germany,Female,24,0,0.0,1,0,1,134579.17,0
CUST20743,607,Germany,Male,67,5,161585.39,1,1,1,34681.85,0
CUST20744,662,Spain,Female,49,10,82454.12,3,0,1,147366.8,0
CUST20745,561,Germany,Male,21,0,108550.97,2,0,1,150973.25,1
CUST20746,546,Germany,Female,29,8,114879.28,1,1,1,154870.6,0
CUST20747,550,Spain,Male,36,10,36056.75,3,1,0,77898.33,0
CUST20748,678,Germany,Male,18,5,24710.28,1,0,0,51167.09,0
CUST20749,758,France,Female,18,9,18225.19,3,1,0,40709.15,0
CUST20750,627,France,Female,66,8,61411.26,2,0,0,35419.91,0
CUST20751,688,Germany,Female,69,2,113456.26,1,1,0,85526.07,0
CUST20752,556,France,Female,45,9,42893.09,2,1,1,123153.33,0
CUST20753,736,Spain,Male,64,7,108436.24,3,1,1,143795.13,0
CUST20754,546,Germany,Male,52,0,0.0,2,1,0,63149.93,0
CUST20755,560,France,Female,19,6,53793.8,3,1,0,83259.03,1
CUST20756,377,Germany,Male,55,7,139192.56,3,1,1,80311.56,0
CUST20757,480,Spain,Male,18,8,65596.58,1,1,0,56412.39,0
CUST20758,719,Spain,Female,60,8,29397.1,3,1,1,118108.73,0
CUST20759,393,Spain,Male,37,5,38873.62,2,0,1,101328.17,0
CUST20760,461,Spain,Male,25,3,0.0,3,1,0,91382.04,0
CUST20761,738,Germany,Female,31,2,19350.89,2,1,1,101123.74,0
CUST20762,786,Spain,Male,53,0,133148.28,2,1,0,112695.31,0
CUST20763,557,Spain,Female,62,7,42956.85,2,0,0,112244.67,0
CUST20764,553,Germany,Male,47,10,49450.06,3,0,1,47267.95,1
CUST20765,604,Germany,Male,26,0,0.0,1,0,1,125334.78,0
CUST20766,735,Spain,Male,64,7,0.0,3,1,1,96491.48,0
CUST20767,584,Germany,Female,59,6,140452.7,1,0,1,65442.27,0
CUST20768,436,France,Female,39,1,108951.17,3,1,0,95540.34,0
CUST20769,565,France,Female,46,2,3640.85,1,0,1,100501.49,0
CUST20770,477,Germany,Male,68,3,40318.52,1,0,0,133680.27,0
CUST20771,691,France,Female,37,7,73395.52,1,1,0,37923.0,0
CUST20772,421,France,Male,19,3,9212.97,2,0,1,144624.3,0
CUST20773,654,France,Female,25,9,0.0,1,1,0,86042.49,0
CUST20774,414,Germany,Female,49,4,66243.43,2,0,0,62223.1,0
CUST20775,836,Germany,Male,69,1,106493.47,3,0,0,60845.89,0
CUST20776,670,Germany,Male,56,1,107552.15,1,1,0,39938.45,1
CUST20777,419,Germany,Male,50,4,123138.06,2,1,1,15000.0,0
CUST20778,829,Spain,Female,34,4,0.0,3,1,1,115482.99,0
CUST20779,636,France,Female,40,8,78184.61,2,0,1,174139.89,1
CUST20780,653,Germany,Male,19,5,60235.17,3,1,0,15000.0,0
CUST20781,381,Germany,Female,37,1,70202.86,2,1,1,42230.74,0
CUST20782,443,France,Female,50,2,63352.01,1,1,1,118821.24,0
CUST20783,753,France,Male,65,6,38675.35,2,0,0,82946.34,1
CUST20784,583,France,Female,65,3,0.0,2,1,1,122548.87,0
CUST20785,658,France,Male,60,7,138900.6,1,0,0,80422.58,0
CUST20786,843,France,Male,19,10,93149.46,3,0,1,58871.76,0
CUST20787,564,France,Male,60,3,0.0,1,1,1,74837.11,0
CUST20788,540,France,Male,29,6,101022.24,1,1,1,15000.0,0
CUST20789,751,Spain,Male,50,9,50398.24,1,1,0,33543.2,1
CUST20790,383,Spain,Male,67,2,51956.52,3,0,1,127672.57,0
CUST20791,577,Germany,Male,64,5,32737.2,2,0,1,138635.49,0
CUST20792,777,France,Female,52,3,104531.18,3,1,1,148277.47,0
CUST20793,463,Spain,Male,33,6,31009.7,2,0,1,104839.12,0
CUST20794,502,France,Female,45,8,14674.09,1,1,0,15000.0,0
CUST20795,586,France,Male,54,1,137245.96,2,0,0,56424.71,0
CUST20796,387,Germany,Male,44,2,65161.52,1,1,0,144609.51,0
CUST20797,385,Germany,Female,39,0,66888.25,2,1,0,158037.44,0
CUST20798,475,France,Male,38,0,113085.53,1,1,0,146319.15,0
CUST20799,798,Spain,Female,49,0,38282.73,3,0,0,74368.64,0
CUST20800,460,France,Female,19,7,49251.58,2,1,1,26204.09,0
CUST20801,715,France,Male,69,9,91814.34,1,0,0,83171.58,0
CUST20802,563,Germany,Female,23,4,0.0,3,1,0,85666.32,1
CUST20803,730,Germany,Male,69,9,87160.45,2,1,1,155450.42,0
CUST20804,515,Spain,Female,19,8,33435.87,1,1,1,95250.61,0
CUST20805,787,France,Male,44,8,122050.99,2,1,0,85750.65,0
CUST20806,535,Germany,Male,39,8,105066.48,1,1,1,88307.28,0
CUST20807,745,France,Female,47,2,97800.16,3,0,0,102993.65,0
CUST20808,765,France,Male,40,5,0.0,2,1,0,113189.8,0
CUST20809,565,Germany,Female,64,5,69313.25,3,1,0,52395.82,0
CUST20810,683,Spain,Female,18,7,10250.34,3,1,1,37407.08,0
CUST20811,409,France,Female,69,8,72972.49,3,0,0,146675.13,0
CUST20812,598,Spain,Male,53,1,0.0,2,1,1,15000.0,0
CUST20813,536,Germany,Female,58,7,0.0,1,0,1,158698.64,0
CUST20814,827,Germany,Male,25,9,140396.85,2,0,0,15000.0,0
CUST20815,817,Spain,Male,21,1,95297.92,2,1,1,58695.65,0
CUST20816,741,France,Male,38,4,55540.13,1,0,0,128733.43,0
CUST20817,824,France,Male,34,9,25019.12,3,0,1,85015.39,0
CUST20818,837,Spain,Male,58,0,15366.03,3,1,0,25758.54,1
CUST20819,733,France,Male,64,1,86008.57,2,0,1,104189.27,0
CUST20820,646,Spain,Female,40,8,56100.22,3,1,0,88015.2,0
CUST20821,452,Spain,Male,57,1,160065.6,3,1,0,75277.83,1
CUST20822,757,Spain,Male,21,7,64838.0,1,0,1,56923.5,1
CUST20823,447,Germany,Male,56,9,78229.63,2,1,1,83442.73,0
CUST20824,442,Germany,Female,23,5,0.0,3,0,0,58813.53,0
CUST20825,789,Spain,Female,52,5,55161.54,2,1,0,194553.97,0
CUST20826,407,France,Male,37,4,84734.53,3,0,0,74199.23,0
CUST20827,420,France,Male,39,4,54496.79,2,1,1,68180.94,0
CUST20828,605,Germany,Female,32,4,48290.43,1,1,1,60626.37,0
CUST20829,642,Germany,Female,38,6,92980.03,2,0,0,164962.79,0
CUST20830,372,Spain,Female,63,9,158315.28,2,1,1,15000.0,0
CUST20831,539,Spain,Male,60,10,82973.32,3,1,0,101174.46,0
CUST20832,462,Germany,Male,35,9,137930.25,1,1,1,74231.95,0
CUST20833,501,France,Male,33,1,109188.13,1,0,0,20947.0,0
CUST20834,440,France,Male,44,3,134639.44,1,0,0,48141.57,0
CUST20835,688,Spain,Female,53,8,41465.4,2,1,1,99262.93,0
CUST20836,586,Germany,Female,27,6,63618.99,3,0,0,46102.31,0
CUST20837,829,Germany,Male,55,3,63847.45,2,0,0,96680.38,1
CUST20838,354,Germany,Female,67,3,105045.25,3,0,0,162811.9,0
CUST20839,738,Spain,Male,61,1,118582.71,3,0,1,92677.03,0
CUST20840,804,France,Female,46,3,81878.09,2,0,1,19591.94,0
CUST20841,593,France,Male,34,4,123218.86,2,0,0,46894.17,0
CUST20842,699,Spain,Female,34,4,44016.77,1,1,1,72156.74,1
CUST20843,570,Germany,Female,56,6,123695.77,3,1,1,69149.42,0
CUST20844,647,Spain,Male,41,3,130869.52,3,1,0,91840.62,1
CUST20845,803,France,Male,23,2,112262.3,3,0,1,99059.93,0
CUST20846,615,France,Female,53,9,82379.34,3,1,0,162873.76,0
CUST20847,639,Spain,Female,25,4,114232.78,2,1,0,84832.62,0
CUST20848,843,Spain,Male,69,2,25829.75,1,1,1,33151.25,0
CUST20849,598,France,Female,39,6,85909.92,3,1,0,136921.28,1
CUST20850,436,Spain,Male,35,5,91528.08,2,0,0,141836.11,0
CUST20851,691,France,Female,20,6,1876.64,3,1,0,95459.94,1
CUST20852,696,France,Female,26,2,101102.13,3,1,0,73912.25,0
CUST20853,468,Spain,Male,67,7,6314.97,1,0,1,113014.59,0
CUST20854,714,France,Male,45,2,51464.49,2,0,1,75501.41,1
CUST20855,381,France,Female,64,9,77186.85,2,0,1,15000.0,0
CUST20856,510,France,Female,67,4,34809.5,2,0,1,110356.34,0
CUST20857,777,Germany,Male,20,4,79540.47,1,1,0,125151.32,0
CUST20858,658,France,Female,37,4,78660.63,1,1,0,149848.93,0
CUST20859,653,France,Female,61,4,29890.01,2,1,0,52115.87,1
CUST20860,660,France,Male,43,7,106238.6,1,1,1,95177.44,0
CUST20861,432,Germany,Female,44,5,32971.39,1,0,0,96150.98,0
CUST20862,830,Germany,Male,47,1,200838.59,1,0,1,88842.22,0
CUST20863,499,France,Male,54,6,68978.66,3,1,0,90168.52,0
CUST20864,743,Germany,Male,66,2,10578.82,1,1,1,86671.12,1
CUST20865,844,Germany,Male,64,1,20861.2,2,0,1,94528.72,0
CUST20866,470,Germany,Male,50,9,138116.93,1,1,0,118330.65,0
CUST20867,667,Germany,Female,48,3,52496.66,2,0,0,139912.94,0
CUST20868,371,France,Male,36,6,0.0,1,1,0,50965.04,0
CUST20869,668,Germany,Female,24,1,121954.2,1,0,0,77246.44,1
CUST20870,570,Spain,Male,54,3,52143.44,2,0,1,65982.63,0
CUST20871,386,France,Female,18,4,110938.07,3,0,1,59544.74,0
CUST20872,686,France,Female,54,1,126456.13,1,1,0,15000.0,0
CUST20873,834,France,Male,43,10,90095.49,2,0,1,86090.01,1
CUST20874,391,Spain,Male,58,3,206774.91,3,0,1,106569.42,0
CUST20875,796,Spain,Female,67,6,0.0,2,1,1,78020.51,0
CUST20876,771,Spain,Male,46,6,30012.75,3,1,1,84596.89,0
CUST20877,623,France,Female,47,4,60922.75,1,0,0,103829.66,1
CUST20878,800,Germany,Female,43,6,199364.54,3,1,0,148500.39,0
CUST20879,504,France,Female,37,6,173890.14,1,1,1,66110.6,0
CUST20880,710,Spain,Male,22,0,145878.0,2,0,0,32277.45,0
CUST20881,699,Germany,Male,19,7,31323.18,2,1,1,80930.19,0
CUST20882,640,Germany,Female,55,1,37736.69,1,0,1,169760.26,0
CUST20883,766,Germany,Female,65,4,29429.2,3,1,1,32759.47,0
CUST20884,788,Spain,Female,20,4,31911.52,3,0,0,114256.11,0
CUST20885,743,Spain,Female,35,4,157098.75,1,0,0,137106.1,0
CUST20886,644,Spain,Male,49,0,61592.81,1,1,1,15000.0,0
CUST20887,838,Germany,Male,54,7,68867.6,3,1,1,103460.01,0
CUST20888,627,Spain,Female,56,4,117591.27,2,1,0,112153.48,0
CUST20889,668,Spain,Male,54,0,0.0,1,0,1,72969.92,0
CUST20890,444,Germany,Female,22,0,77895.52,3,1,1,55910.26,0
CUST20891,510,Spain,Male,31,5,14672.05,3,1,1,58420.19,0
CUST20892,802,Spain,Male,42,7,58807.18,2,1,1,70214.42,0
CUST20893,598,Spain,Male,21,6,42746.86,1,0,1,71405.68,0
CUST20894,605,France,Female,35,7,39911.06,1,1,1,62915.03,0
CUST20895,758,Spain,Female,38,8,87407.0,2,1,1,69498.61,0
CUST20896,513,Germany,Female,68,9,87166.74,1,0,0,138585.63,0
CUST20897,482,France,Male,34,10,62909.87,2,0,1,30350.7,0
CUST20898,354,Germany,Male,68,9,95387.64,1,1,0,15000.0,0
CUST20899,465,Spain,Female,54,8,27226.2,1,1,1,139305.33,0
CUST20900,606,Spain,Female,53,4,112487.22,1,0,0,76359.2,0
CUST20901,712,Spain,Male,60,5,63659.05,2,0,0,67529.55,0
CUST20902,514,Spain,Male,61,6,48398.5,2,1,0,79995.23,0
CUST20903,572,Germany,Female,29,1,31288.27,2,0,0,94417.45,0
CUST20904,460,Spain,Male,39,7,61723.14,3,0,1,61417.69,0
CUST20905,758,France,Female,45,6,177885.16,2,1,1,107766.9,0
CUST20906,612,France,Male,68,5,71517.74,1,1,1,41698.18,1
CUST20907,421,France,Female,20,9,12057.81,3,0,1,71417.82,0
CUST20908,654,Spain,Female,42,7,125535.05,3,1,1,15000.0,0
CUST20909,517,Germany,Female,29,10,49043.94,2,1,1,137750.67,0
CUST20910,782,Spain,Female,28,10,90606.75,1,1,0,77076.05,0
CUST20911,484,Germany,Male,57,9,41688.67,3,1,1,115154.68,0
CUST20912,782,Germany,Male,28,3,145442.53,3,0,0,106445.86,0
CUST20913,698,Spain,Female,59,2,42508.21,2,1,1,109741.62,0
CUST20914,417,Germany,Male,69,3,151882.19,1,0,1,84650.1,0
CUST20915,729,Germany,Female,58,7,17290.67,1,1,1,102470.23,0
CUST20916,710,France,Female,26,9,58890.15,1,1,1,41742.2,0
CUST20917,578,Germany,Male,25,9,151999.77,1,1,0,32296.96,0
CUST20918,430,France,Male,40,7,84249.58,1,0,1,80450.23,1
CUST20919,589,France,Female,46,7,199930.63,2,1,1,54410.06,0
CUST20920,654,France,Male,58,10,60197.28,1,0,0,149145.89,0
CUST20921,416,France,Male,39,7,89137.36,1,0,0,101881.5,0
CUST20922,520,France,Male,26,1,179783.21,3,1,1,52758.34,0
CUST20923,700,France,Female,69,5,0.0,3,1,1,72780.68,0
CUST20924,626,France,Female,65,3,0.0,1,0,1,90985.3,0
CUST20925,846,Spain,Male,52,7,31247.05,3,1,1,81939.87,0
CUST20926,458,France,Female,54,6,119735.5,3,1,0,97228.57,0
CUST20927,738,Germany,Female,66,3,0.0,2,0,0,88089.45,1
CUST20928,562,France,Male,42,3,107837.7,2,1,1,22420.45,0
CUST20929,461,Spain,Male,25,0,103968.87,2,0,0,15000.0,0
CUST20930,825,France,Male,49,3,185791.46,1,0,0,68187.59,0
CUST20931,661,Spain,Male,41,9,132501.67,2,0,0,110222.17,0
CUST20932,617,Germany,Male,59,7,95022.76,3,1,0,68693.39,1
CUST20933,497,Spain,Male,58,10,149752.31,2,1,1,140645.39,0
CUST20934,790,Germany,Female,42,10,104639.72,2,0,0,82890.1,0
CUST20935,365,Germany,Female,37,9,49696.15,1,0,0,146073.82,0
CUST20936,407,Spain,Female,39,1,12046.68,3,1,0,136835.65,0
CUST20937,439,Spain,Male,50,3,43684.89,1,1,0,132307.91,0
CUST20938,676,Germany,Male,51,0,72795.94,3,1,1,30841.98,0
CUST20939,401,Spain,Female,44,1,84626.01,1,1,1,85771.33,0
CUST20940,748,Spain,Male,45,2,0.0,1,1,0,140024.81,0
CUST20941,447,Spain,Female,69,3,62924.18,1,1,0,97255.51,0
CUST20942,688,Spain,Female,31,0,76572.0,2,0,1,109946.2,0
CUST20943,747,France,Female,27,9,105114.56,3,0,1,22545.07,0
CUST20944,789,Germany,Male,59,5,164474.05,2,0,1,171345.55,0
CUST20945,496,Germany,Male,66,7,85210.94,1,1,1,49388.15,0
CUST20946,387,Spain,Male,49,7,24974.04,1,1,1,15000.0,0
CUST20947,728,France,Female,38,10,0.0,1,1,0,69199.34,1
CUST20948,574,Spain,Male,36,1,112785.6,2,0,0,15000.0,0
CUST20949,824,France,Female,42,3,27200.2,3,0,0,36169.37,0
CUST20950,444,Germany,Female,20,3,122676.03,3,1,0,200133.03,0
CUST20951,637,Spain,Male,45,6,151858.11,3,0,1,67898.17,0
CUST20952,409,France,Male,32,5,0.0,1,1,1,20749.58,0
CUST20953,592,Spain,Male,31,8,105464.09,2,0,1,86138.4,0
CUST20954,350,Spain,Male,47,6,146094.23,1,1,1,44598.83,0
CUST20955,725,France,Female,68,2,131047.16,2,1,0,123903.36,0
CUST20956,652,France,Female,28,6,0.0,2,0,0,44970.48,0
CUST20957,398,France,Male,65,10,28049.14,3,0,1,97183.02,0
CUST20958,599,Spain,Female,45,6,4590.07,2,1,0,33382.34,0
CUST20959,564,Spain,Male,68,6,103791.0,1,0,1,201956.27,0
CUST20960,686,Germany,Male,37,1,97732.96,2,1,1,107663.07,0
CUST20961,599,France,Male,69,0,0.0,2,0,0,78452.24,0
CUST20962,579,France,Male,52,2,58454.26,2,0,1,71816.88,0
CUST20963,765,France,Female,52,0,119039.59,1,0,1,60088.0,0
CUST20964,609,Germany,Female,47,4,83138.68,2,0,0,50758.89,0
CUST20965,757,Spain,Female,41,9,83044.68,2,0,0,49522.15,0
CUST20966,792,France,Male,45,4,54925.35,3,0,0,160524.8,0
CUST20967,774,Spain,Female,62,7,16758.25,3,1,0,60132.37,0
CUST20968,827,France,Female,59,9,74061.93,1,1,0,15000.0,0
CUST20969,698,Germany,Female,19,8,77865.14,3,0,1,32531.45,0
CUST20970,630,Spain,Female,54,7,108839.0,1,0,0,126747.61,1
CUST20971,615,Germany,Male,61,8,113307.5,3,1,0,73645.42,1
CUST20972,452,Germany,Male,56,3,79722.38,2,1,0,78966.33,0
CUST20973,763,Germany,Male,43,4,135219.96,3,0,0,137641.65,0
CUST20974,696,Germany,Male,35,4,54379.14,3,1,0,50027.5,0
CUST20975,786,France,Male,53,8,0.0,2,0,0,113458.8,0
CUST20976,700,France,Male,52,4,101237.95,2,1,1,54945.26,0
CUST20977,590,Spain,Male,37,10,81950.88,3,1,1,110914.45,0
CUST20978,497,Spain,Male,39,2,102331.23,2,1,0,67398.91,0
CUST20979,842,Spain,Male,37,1,5455.18,2,1,1,74130.29,0
CUST20980,716,France,Male,20,7,173493.78,2,0,1,121906.01,0
CUST20981,787,France,Female,19,8,114077.63,2,1,1,118661.12,0
CUST20982,642,France,Male,22,7,59160.17,1,1,1,77555.74,0
CUST20983,605,France,Male,40,3,23550.08,1,0,0,63776.93,0
CUST20984,367,Germany,Female,44,0,134243.44,3,0,1,156961.64,0
CUST20985,384,France,Male,39,3,14402.66,2,1,1,111519.89,0
CUST20986,703,Spain,Female,67,5,199375.07,2,0,0,67398.62,0
CUST20987,462,France,Male,29,4,41273.73,1,1,1,55611.2,0
CUST20988,391,Germany,Male,38,10,169627.79,3,0,0,131120.39,0
CUST20989,738,France,Male,30,9,64853.94,2,0,0,90193.0,0
CUST20990,660,Germany,Male,33,8,161941.07,1,0,0,77640.12,0
CUST20991,405,France,Male,48,0,34582.23,1,1,0,90173.88,0
CUST20992,599,Germany,Female,34,1,76036.0,2,1,1,100200.86,0
CUST20993,584,Spain,Male,34,4,119261.21,2,0,1,82448.99,0
CUST20994,351,Spain,Female,52,6,111414.24,1,1,1,139165.91,0
CUST20995,652,France,Male,61,7,135541.9,1,0,0,141670.23,1
CUST20996,548,Germany,Female,29,3,48189.03,1,1,0,108934.97,0
CUST20997,789,Spain,Female,23,1,79664.46,1,1,1,146862.35,0
CUST20998,407,Germany,Female,30,3,143661.37,3,0,0,85382.35,0
CUST20999,773,Germany,Female,48,8,36210.95,2,1,1,116064.9,0
CUST21000,353,Germany,Female,67,10,106489.76,2,0,1,130200.53,1
CUST21001,732,Spain,Female,26,10,62946.19,1,1,0,130856.72,1
CUST21002,741,Germany,Male,20,6,86323.08,2,0,1,126219.96,0
CUST21003,553,Spain,Female,45,1,79650.26,3,1,1,113403.51,1
CUST21004,490,Spain,Male,69,10,31644.43,3,1,0,173070.77,0
CUST21005,421,Germany,Female,46,1,60661.87,2,0,1,60713.69,0
CUST21006,519,France,Male,66,2,82971.27,1,0,1,78015.06,0
CUST21007,684,France,Female,51,10,69350.18,2,1,0,75347.03,0
CUST21008,712,Germany,Male,19,5,161500.48,1,0,0,68436.98,0
CUST21009,440,Spain,Female,40,2,130547.56,1,1,1,15000.0,0
CUST21010,355,Germany,Male,58,5,90948.93,3,0,1,146868.92,0
CUST21011,630,France,Female,44,0,33026.96,3,0,0,38828.18,1
CUST21012,640,Spain,Male,28,3,29678.73,3,1,0,92641.67,0
CUST21013,840,France,Male,27,10,183559.61,2,0,1,21016.25,0
CUST21014,730,Germany,Male,52,3,19456.3,3,0,0,112932.21,1
CUST21015,625,France,Male,42,9,81262.28,2,1,0,49657.18,0
CUST21016,645,France,Male,47,5,94852.18,1,0,0,33881.71,0
CUST21017,672,Spain,Male,37,7,57877.2,1,0,0,93745.46,0
CUST21018,575,Spain,Male,35,7,19878.79,1,1,0,53466.94,0
CUST21019,688,France,Male,52,6,31830.68,3,1,0,59162.84,0
CUST21020,447,France,Female,18,0,44942.22,1,0,0,92730.53,0
CUST21021,765,Germany,Female,40,10,35977.89,3,0,0,120999.53,0
CUST21022,780,Spain,Male,37,5,148024.62,3,1,1,48171.98,0
CUST21023,567,Germany,Male,58,7,74498.07,2,1,0,40396.34,1
CUST21024,578,Spain,Male,55,6,46190.94,3,0,1,86056.77,0
CUST21025,598,Germany,Female,40,7,80882.69,1,1,0,109266.37,0
CUST21026,758,Germany,Female,31,3,111737.57,2,1,0,150823.98,1
CUST21027,437,France,Female,30,9,56045.92,1,1,1,36790.17,0
CUST21028,520,Spain,Male,28,2,124608.97,1,1,1,70691.48,1
CUST21029,657,Spain,Male,32,7,5086.93,1,1,0,137910.37,0
CUST21030,696,France,Male,57,6,139421.7,3,0,1,173789.25,0
CUST21031,497,Spain,Male,20,5,74507.62,3,0,0,40310.91,0
CUST21032,408,Spain,Female,19,0,72359.32,3,1,0,51753.46,1
CUST21033,603,Germany,Male,46,4,36884.21,3,1,0,102149.5,0
CUST21034,669,Spain,Male,29,0,7468.24,3,1,1,59001.56,0
CUST21035,733,Germany,Male,61,5,0.0,3,1,1,50834.57,0
CUST21036,351,France,Male,57,7,33047.28,1,0,1,96001.18,0
CUST21037,358,Spain,Female,57,5,107322.03,3,1,0,154723.9,0
CUST21038,543,France,Female,41,8,22129.69,3,0,0,26073.3,1
CUST21039,631,Spain,Female,40,3,0.0,1,1,1,152425.03,0
CUST21040,351,France,Male,40,3,25001.41,1,0,1,59135.39,0
CUST21041,436,Germany,Female,28,4,53834.17,3,1,1,100560.64,1
CUST21042,559,Spain,Male,47,2,55997.43,3,1,1,156588.28,0
CUST21043,489,Germany,Female,62,8,67910.89,1,1,0,99639.56,0
CUST21044,705,Spain,Male,31,8,131793.35,1,1,1,71612.9,0
CUST21045,367,France,Female,20,4,143708.99,2,1,1,117317.9,0
CUST21046,794,France,Male,47,8,185300.44,1,0,1,77207.52,0
CUST21047,434,France,Female,38,0,0.0,3,1,0,108460.8,0
CUST21048,570,France,Female,59,1,27926.38,2,0,1,75789.36,0
CUST21049,843,France,Male,62,3,113416.68,1,1,1,123751.88,0
CUST21050,681,Germany,Female,67,4,50028.28,3,0,1,22259.57,0
CUST21051,849,France,Male,38,2,122343.26,3,0,0,39391.53,0
CUST21052,359,Spain,Male,64,5,86391.24,3,1,1,21598.22,0
CUST21053,709,France,Male,24,8,161856.23,3,0,1,82460.68,0
CUST21054,387,Spain,Female,37,5,132349.39,1,0,0,16170.78,0
CUST21055,655,Spain,Female,31,4,133355.91,3,1,1,53867.58,1
CUST21056,512,Spain,Male,66,0,52347.06,3,1,0,35162.11,0
CUST21057,738,Spain,Female,49,3,69639.65,3,0,0,151585.43,0
CUST21058,412,Spain,Female,37,8,58211.06,1,0,1,40419.38,0
CUST21059,798,Spain,Female,25,8,0.0,2,0,0,27105.44,0
CUST21060,590,Germany,Male,58,1,155947.31,3,1,0,96175.23,0
CUST21061,609,Germany,Female,52,0,115996.3,1,0,0,160906.95,0
CUST21062,635,Germany,Female,62,9,56023.51,2,1,1,79776.98,0
CUST21063,367,Germany,Female,40,1,146752.59,3,1,0,83257.63,0
CUST21064,505,Germany,Female,25,6,40329.78,3,0,0,143084.09,0
CUST21065,704,France,Male,35,9,0.0,2,1,1,124520.32,0
CUST21066,830,Spain,Female,50,8,130405.34,3,1,0,104143.67,0
CUST21067,842,Spain,Male,30,6,4679.19,3,1,1,58794.67,0
CUST21068,617,Spain,Male,21,4,64232.35,3,1,1,105518.11,0
CUST21069,479,France,Female,60,8,86336.77,1,1,1,23764.72,0
CUST21070,588,Spain,Female,45,7,96200.59,1,1,1,56934.6,0
CUST21071,581,Germany,Female,38,9,121662.06,1,1,1,149415.82,0
CUST21072,548,France,Male,46,5,106946.83,2,0,1,143589.67,0
CUST21073,530,Spain,Female,56,10,105244.09,2,0,1,104686.81,0
CUST21074,784,Spain,Female,18,8,31508.65,1,1,1,15000.0,1
CUST21075,545,Spain,Male,40,0,91183.4,3,0,1,30630.03,0
CUST21076,364,Germany,Female,31,3,0.0,1,0,1,54423.74,0
CUST21077,710,France,Female,22,8,160917.57,3,0,0,77273.54,0
CUST21078,682,France,Male,19,1,0.0,2,0,1,28731.5,0
CUST21079,539,Spain,Female,40,7,55945.81,3,0,0,73915.88,1
CUST21080,664,Spain,Male,46,3,2461.92,1,1,0,164528.29,0
CUST21081,820,France,Female,44,2,34840.85,1,1,0,103037.61,0
CUST21082,812,Spain,Female,58,5,75738.56,3,0,0,94847.2,0
CUST21083,744,France,Male,41,10,45918.3,2,0,0,39210.01,0
CUST21084,641,Spain,Male,48,9,137933.54,2,1,1,15000.0,0
CUST21085,363,France,Female,60,4,87479.56,1,1,0,29731.16,1
CUST21086,606,Spain,Female,52,0,49539.96,3,0,0,15000.0,0
CUST21087,759,France,Female,65,9,67652.99,1,1,0,88376.59,0
CUST21088,772,Germany,Male,29,9,142083.53,3,0,0,102274.86,0
CUST21089,736,Spain,Female,58,6,124987.9,2,0,0,41561.95,0
CUST21090,843,Spain,Male,54,6,12367.6,1,1,1,91656.37,0
CUST21091,608,Germany,Female,48,5,37564.16,2,1,0,151104.72,0
CUST21092,404,Spain,Male,18,0,101113.44,2,1,0,173096.38,0
CUST21093,598,France,Female,46,1,94435.16,2,1,0,119668.47,0
CUST21094,509,Germany,Female,62,1,17229.02,3,1,1,77132.18,0
CUST21095,767,Spain,Female,51,10,116201.96,2,1,0,118214.69,1
CUST21096,738,France,Male,18,0,26001.92,2,1,0,145831.45,0
CUST21097,562,Germany,Female,32,6,146710.47,2,1,0,15000.0,0
CUST21098,544,Germany,Female,47,3,104119.7,1,0,0,151693.11,0
CUST21099,429,Germany,Male,60,0,12744.16,3,1,0,60493.59,1
CUST21100,371,Spain,Female,41,10,45900.78,1,1,0,60926.67,0
CUST21101,506,Germany,Male,62,0,44944.67,1,1,1,69028.24,1
CUST21102,470,Spain,Female,59,9,83793.22,1,1,0,99403.79,0
CUST21103,482,Germany,Male,31,8,63781.27,2,1,1,34993.56,0
CUST21104,849,Spain,Female,28,8,11998.11,2,0,1,72183.37,0
CUST21105,690,Germany,Female,64,1,0.0,3,0,0,108637.47,0
CUST21106,625,Spain,Female,48,9,105196.28,3,1,0,94835.71,0
CUST21107,439,Germany,Male,62,6,90743.03,3,1,0,102136.65,0
CUST21108,770,Spain,Male,65,4,80804.57,1,1,1,70421.41,1
CUST21109,672,Spain,Male,40,7,89890.25,3,1,0,116216.95,0
CUST21110,607,France,Male,20,3,40959.45,1,1,0,132538.73,0
CUST21111,582,France,Female,65,3,85119.58,1,0,0,129839.77,0
CUST21112,626,France,Female,48,3,214617.81,2,0,0,104242.46,0
CUST21113,769,Germany,Female,24,6,139601.19,2,0,0,127250.17,0
CUST21114,710,Germany,Female,45,6,59137.54,1,0,0,124197.73,1
CUST21115,592,France,Male,19,2,46214.55,3,0,1,205442.86,0
CUST21116,683,Spain,Female,33,2,0.0,1,1,0,139813.02,0
CUST21117,814,Spain,Male,36,10,133778.18,2,0,0,81006.51,0
CUST21118,513,Germany,Female,41,5,118263.29,2,1,1,43974.43,0
CUST21119,800,France,Female,47,9,45089.46,2,0,0,73248.69,0
CUST21120,653,Spain,Female,61,3,0.0,2,0,0,70069.68,0
CUST21121,442,France,Male,36,3,11460.29,3,0,1,108014.02,0
CUST21122,833,France,Female,56,3,99441.88,2,1,0,53488.47,0
CUST21123,693,Spain,Male,66,5,70086.26,1,1,1,138647.97,0
CUST21124,542,Spain,Female,56,8,113037.56,3,1,0,22469.66,0
CUST21125,457,Germany,Male,31,5,79754.37,3,1,0,15000.0,0
CUST21126,807,France,Male,53,3,128171.74,1,1,0,78919.78,0
CUST21127,761,France,Male,32,10,95326.63,3,1,0,47084.84,1
CUST21128,372,Spain,Male,42,6,120583.75,2,1,0,28379.48,0
CUST21129,667,France,Female,51,4,0.0,1,0,1,56331.85,0
CUST21130,407,Spain,Female,33,0,7110.99,1,0,1,50733.14,1
CUST21131,497,Germany,Male,18,6,54960.66,3,1,0,85456.04,0
CUST21132,634,Germany,Male,61,6,134376.28,1,0,1,57078.81,0
CUST21133,474,Spain,Female,55,10,178429.13,2,0,1,60738.95,0
CUST21134,606,Germany,Female,24,2,65967.03,3,1,1,84781.04,0
CUST21135,564,Germany,Male,37,1,41363.1,3,0,1,130640.87,0
CUST21136,640,Germany,Male,31,10,0.0,2,1,0,151183.55,0
CUST21137,750,France,Male,68,6,122496.01,3,1,0,91649.54,0
CUST21138,427,Germany,Male,66,0,44739.52,1,1,1,95149.44,0
CUST21139,748,Germany,Male,53,1,237708.41,3,1,1,76756.58,0
CUST21140,461,France,Female,40,5,34332.78,1,1,1,106656.19,0
CUST21141,366,Germany,Female,20,6,190790.13,1,1,0,102559.87,0
CUST21142,573,Germany,Male,30,2,116160.21,3,0,1,144663.15,0
CUST21143,501,France,Male,22,4,18445.46,3,1,0,15000.0,1
CUST21144,442,Spain,Female,59,8,87767.91,3,0,1,74447.6,1
CUST21145,561,Spain,Male,22,10,117425.93,3,1,0,100263.54,0
CUST21146,784,Germany,Male,53,5,62611.13,1,0,0,83817.22,0
CUST21147,642,France,Male,67,4,121089.05,2,1,1,42737.21,0
CUST21148,713,Germany,Male,34,3,119877.64,3,0,1,26528.5,0
CUST21149,424,Spain,Female,53,1,107798.62,2,1,0,121284.51,0
CUST21150,387,France,Male,63,0,74093.96,1,0,0,50938.34,0
CUST21151,517,Spain,Male,40,9,10378.3,1,0,0,15000.0,0
CUST21152,737,Spain,Male,41,0,70776.8,3,0,0,123545.78,0
CUST21153,792,France,Female,28,9,84683.56,3,0,1,105654.23,0
CUST21154,400,France,Female,40,2,0.0,1,1,0,79785.67,0
CUST21155,588,Spain,Female,63,7,84307.94,1,1,0,43845.18,0
CUST21156,548,Spain,Male,52,10,69675.93,2,0,1,79895.14,0
CUST21157,722,Spain,Female,28,8,3685.57,1,1,1,139701.44,0
CUST21158,452,Germany,Female,45,8,56684.65,3,1,0,15000.0,0
CUST21159,592,Germany,Female,54,2,57848.45,3,0,1,15000.0,0
CUST21160,774,Germany,Female,22,6,181155.2,2,1,1,56750.56,0
CUST21161,582,Germany,Male,57,7,87106.51,3,0,1,83801.03,0
CUST21162,740,Spain,Female,28,4,131982.49,1,0,0,62666.86,0
CUST21163,660,France,Female,33,0,68520.16,3,0,1,113926.75,0
CUST21164,648,France,Female,39,10,0.0,2,0,1,133997.53,0
CUST21165,479,France,Female,44,2,111978.8,2,0,1,97544.59,0
CUST21166,846,Spain,Female,65,10,38799.73,1,0,1,110219.46,0
CUST21167,474,Spain,Male,29,10,56541.99,1,0,0,97244.48,0
CUST21168,815,France,Female,31,0,17086.58,1,0,1,85427.86,0
CUST21169,844,France,Female,37,8,79002.23,2,1,1,26789.86,0
CUST21170,605,France,Male,62,6,133584.81,1,1,1,38740.37,0
CUST21171,784,France,Male,68,2,126300.6,1,0,1,24208.67,1
CUST21172,707,Germany,Male,41,8,162240.42,2,1,0,78317.28,0
CUST21173,718,Germany,Female,54,1,170037.77,3,0,1,95452.51,0
CUST21174,384,Germany,Male,65,2,0.0,1,1,1,19783.19,1
CUST21175,418,France,Female,62,10,9350.87,2,0,1,88266.78,0
CUST21176,384,Germany,Male,53,8,0.0,3,1,1,45615.27,0
CUST21177,365,Spain,Female,46,1,109756.17,2,1,1,36886.03,0
CUST21178,767,Germany,Female,69,1,36880.5,1,0,0,56859.28,0
CUST21179,437,Spain,Male,30,2,48095.08,1,0,1,34578.56,0
CUST21180,353,Spain,Male,36,0,63087.14,3,0,1,112299.66,0
CUST21181,818,Spain,Female,55,2,96041.39,2,0,0,77439.8,1
CUST21182,489,Germany,Male,19,6,0.0,1,0,0,121684.63,0
CUST21183,758,France,Female,44,0,5762.51,3,1,0,65042.66,0
CUST21184,830,Germany,Female,62,3,75071.29,3,0,0,66744.13,0
CUST21185,611,Germany,Male,27,3,140931.03,3,1,1,169302.22,0
CUST21186,813,Spain,Female,59,10,73603.14,1,0,0,15000.0,0
CUST21187,834,Spain,Female,39,10,31458.72,1,0,1,142801.66,0
CUST21188,422,Germany,Male,62,9,0.0,1,0,0,159453.58,0
CUST21189,423,Germany,Female,51,3,127397.16,1,1,0,119461.79,1
CUST21190,534,Spain,Male,26,5,34523.76,2,0,1,70128.83,0
CUST21191,629,Spain,Female,56,5,11890.97,2,0,0,149210.59,0
CUST21192,743,Spain,Male,20,9,0.0,3,0,1,70520.74,0
CUST21193,441,Germany,Female,30,8,0.0,1,1,1,53239.65,0
CUST21194,446,Germany,Female,64,9,22133.22,3,0,0,67527.92,0
CUST21195,503,Germany,Male,63,6,61863.32,3,0,0,59341.28,0
CUST21196,485,Germany,Male,20,10,8519.21,1,1,1,42401.96,0
CUST21197,820,France,Male,37,8,85213.94,2,1,1,134950.35,0
CUST21198,547,France,Male,22,8,61445.37,2,0,0,50194.82,0
CUST21199,784,Germany,Male,32,7,197209.58,1,1,1,83665.89,0
CUST21200,377,Germany,Female,68,3,0.0,1,1,0,20030.26,0
CUST21201,400,France,Male,28,6,83881.37,3,1,0,86386.48,0
CUST21202,751,France,Female,51,3,84570.27,3,0,1,32983.33,0
CUST21203,474,Spain,Male,59,7,18319.34,2,1,0,31878.14,1
CUST21204,391,Germany,Female,63,2,80238.88,1,0,0,80082.04,0
CUST21205,647,Germany,Female,36,8,117327.69,1,0,1,132563.75,0
CUST21206,423,Spain,Female,54,6,80307.03,3,0,1,104818.62,0
CUST21207,380,France,Male,43,7,151145.46,2,1,0,107910.42,0
CUST21208,553,Spain,Female,23,2,0.0,2,1,1,79153.73,0
CUST21209,625,Spain,Female,29,8,28677.16,1,0,1,69896.19,0
CUST21210,613,Germany,Male,56,8,156128.08,3,1,0,120601.33,0
CUST21211,642,Germany,Male,53,1,125161.45,2,0,0,59657.03,0
CUST21212,361,Spain,Female,45,3,104728.14,2,1,1,122549.54,0
CUST21213,495,France,Male,58,7,142826.85,3,1,0,140617.61,0
CUST21214,521,France,Male,53,9,0.0,2,1,1,47137.59,0
CUST21215,496,Spain,Female,35,8,118758.59,3,1,0,53749.95,1
CUST21216,629,France,Female,33,5,133540.36,2,1,1,60443.7,0
CUST21217,464,Spain,Female,67,3,38771.49,2,1,1,18986.68,0
CUST21218,665,Spain,Female,68,10,219608.04,3,1,0,63876.88,0
CUST21219,817,Germany,Male,19,9,85799.19,2,1,1,143565.24,0
CUST21220,680,France,Male,59,9,0.0,3,0,1,37949.1,1
CUST21221,544,Spain,Female,24,3,95969.96,1,1,1,144633.82,0
CUST21222,567,Spain,Female,62,4,35407.7,3,0,0,65495.0,0
CUST21223,642,Germany,Male,48,2,139074.74,2,1,0,180131.6,0
CUST21224,711,France,Male,53,10,105136.92,1,1,1,54318.41,0
CUST21225,500,Germany,Male,54,9,42114.29,1,1,1,78520.81,0
CUST21226,369,Germany,Male,49,1,157634.86,3,1,0,44041.76,0
CUST21227,701,France,Male,31,2,126669.82,2,1,0,54053.47,0
CUST21228,680,Germany,Female,59,6,29464.4,3,1,0,145218.06,0
CUST21229,400,France,Female,46,4,66637.52,1,0,1,106354.15,0
CUST21230,663,Spain,Female,46,5,103430.42,1,0,1,131296.8,0
CUST21231,385,Germany,Male,34,4,54965.52,3,1,1,25798.48,0
CUST21232,671,Spain,Male,18,7,56608.03,2,0,0,114467.28,0
CUST21233,722,Germany,Female,46,9,77019.88,3,1,0,41285.05,0
CUST21234,357,Spain,Female,35,10,16381.08,3,1,0,24820.67,0
CUST21235,713,Spain,Female,52,5,0.0,2,1,1,95744.48,0
CUST21236,410,France,Male,36,9,88152.42,3,1,0,95284.23,0
CUST21237,482,Germany,Male,68,7,0.0,3,0,0,87400.56,0
CUST21238,702,Spain,Female,53,2,20382.87,1,0,0,117290.13,0
CUST21239,527,Germany,Female,41,8,0.0,1,0,0,124310.48,0
CUST21240,838,France,Female,54,3,0.0,1,1,1,151137.82,0
CUST21241,828,Spain,Male,51,6,98449.53,3,0,1,31434.57,0
CUST21242,843,France,Male,50,7,62773.05,1,1,1,152590.73,0
CUST21243,402,Spain,Male,48,10,60787.97,1,0,1,169704.02,0
CUST21244,438,Spain,Male,66,10,2625.4,2,0,0,68519.65,0
CUST21245,441,France,Male,34,8,38928.3,1,1,0,15000.0,1
CUST21246,642,France,Female,40,5,95705.03,1,0,0,22742.55,1
CUST21247,565,Spain,Male,31,4,72135.2,3,0,1,64216.69,0
CUST21248,722,Germany,Female,47,4,120247.07,3,0,1,175636.37,0
CUST21249,491,Spain,Male,69,10,128080.06,2,0,0,85768.6,0
CUST21250,449,Spain,Female,49,2,61127.91,3,1,1,57226.71,0
CUST21251,674,France,Male,28,5,0.0,2,1,1,54156.9,0
CUST21252,658,Spain,Male,65,7,33384.53,2,1,0,25477.5,0
CUST21253,695,Germany,Female,59,0,69627.09,2,0,1,124355.92,0
CUST21254,506,Spain,Female,40,6,32293.21,3,1,1,80856.91,0
CUST21255,613,France,Male,25,2,16995.67,1,0,0,179492.33,0
CUST21256,814,France,Female,38,3,78836.38,2,0,0,113269.42,0
CUST21257,655,Germany,Male,59,6,208666.67,1,1,1,122347.13,0
CUST21258,816,Germany,Female,48,0,48149.66,3,1,1,74105.28,0
CUST21259,566,Germany,Female,27,1,74845.68,2,1,1,35903.63,1
CUST21260,372,France,Female,26,5,2838.03,1,0,0,45688.86,0
CUST21261,730,Germany,Male,68,6,143387.06,2,1,1,23383.89,0
CUST21262,580,Spain,Male,41,1,123110.87,2,0,1,125967.76,0
CUST21263,371,Spain,Female,53,3,119315.38,1,1,0,67678.82,0
CUST21264,419,Spain,Male,36,3,149788.77,3,1,1,127862.52,0
CUST21265,506,France,Female,22,5,51496.23,2,1,0,91116.15,0
CUST21266,445,Spain,Male,39,3,58367.02,1,0,0,71823.17,0
CUST21267,692,Germany,Male,54,0,169043.32,2,0,1,32367.87,0
CUST21268,655,Spain,Male,35,5,109800.05,2,1,0,98573.47,0
CUST21269,514,Spain,Male,49,9,0.0,2,1,1,75161.51,0
CUST21270,392,France,Male,40,6,100015.15,1,1,1,125598.28,0
CUST21271,389,Spain,Male,35,3,43006.61,3,1,1,52806.52,0
CUST21272,822,Germany,Male,31,5,124399.45,2,0,1,112724.85,0
CUST21273,522,Spain,Male,31,1,97450.48,2,1,1,158838.18,0
CUST21274,403,Germany,Female,31,2,0.0,3,1,1,97265.02,0
CUST21275,705,France,Female,55,4,89785.66,2,0,1,120338.12,0
CUST21276,784,Spain,Female,35,6,86584.52,1,1,1,110735.06,1
CUST21277,410,France,Female,56,5,94990.44,2,0,0,170414.12,0
CUST21278,822,Spain,Male,34,10,106654.09,2,1,0,101720.22,0
CUST21279,712,France,Female,35,7,157278.13,1,0,0,116498.15,0
CUST21280,476,Spain,Female,66,0,97763.89,1,1,1,83367.58,0
CUST21281,737,Germany,Male,63,5,76259.42,1,1,1,50152.52,1
CUST21282,559,France,Female,38,6,138138.22,3,1,1,30632.09,0
CUST21283,667,France,Female,31,0,198350.74,1,1,0,142011.58,0
CUST21284,413,France,Female,55,4,125328.89,2,1,0,39623.83,0
CUST21285,472,Spain,Male,21,9,86341.34,3,0,0,118563.9,0
CUST21286,736,Spain,Female,41,3,98789.18,2,1,1,103720.75,0
CUST21287,752,Spain,Female,49,5,89082.41,1,1,1,126300.34,0
CUST21288,355,Germany,Female,53,2,76018.51,3,1,0,61837.96,0
CUST21289,457,Germany,Female,23,0,194084.4,2,1,1,49417.15,0
CUST21290,653,Spain,Female,18,3,33802.06,1,1,0,102026.73,0
CUST21291,802,France,Male,32,8,138519.82,2,1,1,71844.62,0
CUST21292,687,Spain,Female,24,10,68077.87,1,0,1,29603.72,0
CUST21293,703,Germany,Male,44,7,0.0,2,0,0,172233.65,0
CUST21294,544,Germany,Male,65,9,64642.52,1,0,1,49386.63,0
CUST21295,377,Germany,Male,32,7,44927.33,3,1,1,40286.53,0
CUST21296,732,Spain,Female,41,7,106766.75,3,1,1,74103.89,0
CUST21297,749,Spain,Female,29,4,80021.51,3,1,0,141378.64,0
CUST21298,571,Spain,Female,20,0,18788.52,3,0,0,15000.0,0
CUST21299,603,France,Male,54,4,155905.44,1,1,0,137644.76,0
CUST21300,467,France,Female,31,9,134957.37,1,0,0,43983.69,1
CUST21301,576,Spain,Female,46,5,162233.05,3,1,1,96903.64,0
CUST21302,470,Spain,Female,53,8,88033.06,2,0,1,54579.69,0
CUST21303,560,France,Female,61,0,73034.68,2,1,1,174636.26,0
CUST21304,417,Spain,Male,27,2,113695.83,3,0,0,90607.9,1
CUST21305,653,France,Male,48,3,43238.87,2,0,1,53135.88,0
CUST21306,473,Spain,Female,65,3,82153.28,3,0,1,71450.89,0
CUST21307,712,Spain,Female,43,10,65337.72,3,1,1,89033.67,0
CUST21308,608,Germany,Male,20,5,0.0,1,0,1,92995.45,0
CUST21309,797,France,Male,31,7,82010.05,3,0,1,104744.31,0
CUST21310,460,Spain,Female,59,7,50746.82,1,0,0,84936.79,0
CUST21311,486,France,Male,59,4,61659.63,1,1,0,23027.69,0
CUST21312,471,Germany,Male,34,10,95008.17,3,0,1,69687.95,0
CUST21313,665,Germany,Female,28,2,144989.32,3,1,0,112299.63,1
CUST21314,403,France,Male,33,0,28317.65,1,1,0,54855.27,0
CUST21315,693,Germany,Male,30,8,56489.3,2,1,1,115275.16,0
CUST21316,759,Spain,Female,56,7,32920.45,2,0,0,86427.32,1
CUST21317,687,France,Female,61,2,29340.07,2,1,1,75201.69,0
CUST21318,417,Germany,Male,20,9,42298.71,3,1,0,138736.48,0
CUST21319,596,France,Female,56,1,64195.23,1,0,0,15000.0,0
CUST21320,616,Germany,Male,57,2,107222.94,3,1,0,54610.56,0
CUST21321,545,France,Male,49,1,92624.52,1,0,0,140459.29,0
CUST21322,583,France,Male,63,2,16872.87,1,1,0,167352.21,0
CUST21323,731,Germany,Female,20,8,146178.82,2,1,0,187869.66,0
CUST21324,767,France,Male,54,7,126942.68,1,1,1,87266.0,0
CUST21325,500,France,Male,24,7,25434.79,2,0,0,105605.38,0
CUST21326,514,Spain,Female,64,9,142326.1,2,0,0,121784.25,0
CUST21327,454,Spain,Female,43,0,92981.61,2,0,1,142378.39,0
CUST21328,550,France,Female,22,6,66394.96,1,1,0,99089.14,0
CUST21329,622,Spain,Female,56,1,94694.4,3,1,0,126676.7,0
CUST21330,706,Germany,Male,56,10,73582.61,1,1,0,105689.82,0
CUST21331,483,France,Female,42,6,104979.33,1,0,0,108500.08,0
CUST21332,458,Spain,Male,34,8,85302.35,2,0,1,43673.38,0
CUST21333,366,Germany,Female,18,6,56441.57,3,0,1,70185.38,0
CUST21334,396,France,Female,65,4,0.0,2,1,0,61475.39,0
CUST21335,375,France,Male,27,7,103995.04,3,0,1,31499.7,0
CUST21336,453,Spain,Male,61,9,54448.96,3,1,0,15000.0,0
CUST21337,697,France,Female,48,1,117787.06,3,1,0,65936.76,1
CUST21338,737,Germany,Female,53,9,101492.13,1,0,0,73125.3,0
CUST21339,836,France,Male,54,7,55878.47,3,0,0,89726.67,0
CUST21340,622,Spain,Male,62,0,131264.35,1,1,0,110008.2,0
CUST21341,577,Spain,Female,19,10,86266.29,3,1,0,93465.5,0
CUST21342,799,Germany,Female,69,1,84000.36,3,0,1,73439.0,0
CUST21343,423,Germany,Male,20,6,67403.91,1,1,0,43819.32,1
CUST21344,665,Germany,Female,69,1,167595.56,1,0,0,124468.11,0
CUST21345,759,Germany,Male,31,2,35770.33,3,0,0,80418.0,0
CUST21346,601,Spain,Male,61,7,57252.9,1,1,0,65479.46,1
CUST21347,480,Spain,Male,22,7,6946.57,3,0,0,76609.56,1
CUST21348,660,France,Female,41,7,114970.21,2,0,0,52026.5,0
CUST21349,847,Spain,Male,46,3,42981.8,2,0,0,61119.67,0
CUST21350,467,France,Male,67,9,49148.04,3,1,0,59689.38,0
CUST21351,631,France,Male,24,0,46568.49,1,1,0,72069.82,0
CUST21352,375,Germany,Male,19,9,78449.71,2,1,0,114508.97,1
CUST21353,466,France,Male,51,3,6208.22,3,0,0,103320.04,1
CUST21354,733,Spain,Female,20,6,0.0,1,0,0,154603.18,0
CUST21355,598,Spain,Female,58,9,100173.72,1,0,1,139527.81,0
CUST21356,449,France,Male,19,2,0.0,1,0,1,173038.98,0
CUST21357,517,France,Female,68,4,121977.58,2,0,0,110162.13,1
CUST21358,410,Germany,Female,45,9,160719.03,1,1,0,109439.74,1
CUST21359,739,Spain,Male,67,9,65967.69,1,0,0,63066.29,0
CUST21360,821,Germany,Male,24,2,146472.11,3,0,1,122170.67,1
CUST21361,402,Spain,Female,32,5,73665.9,2,1,1,55474.74,0
CUST21362,468,France,Male,41,3,162958.26,2,0,1,18829.5,0
CUST21363,778,Germany,Male,19,5,49908.02,2,0,0,153684.55,0
CUST21364,789,France,Male,23,4,0.0,3,1,0,28786.83,0
CUST21365,733,France,Female,35,0,70604.85,2,1,0,104748.33,0
CUST21366,707,Spain,Female,56,10,168937.98,2,0,1,45385.09,0
CUST21367,780,France,Male,54,7,104423.26,3,0,1,135700.04,0
CUST21368,536,France,Male,22,5,46657.22,1,1,0,141832.75,0
CUST21369,797,Germany,Female,21,1,93089.56,2,1,1,108813.0,0
CUST21370,793,Spain,Female,52,0,128411.87,3,0,0,141086.41,0
CUST21371,464,Germany,Male,36,5,70291.1,2,1,0,85330.17,0
CUST21372,386,France,Male,59,7,219451.45,3,1,0,185537.86,0
CUST21373,610,Spain,Male,33,2,46542.01,3,0,1,118577.44,0
CUST21374,729,Germany,Male,36,8,130138.09,2,1,0,44475.18,0
CUST21375,774,Spain,Female,29,4,116906.55,3,1,1,88132.3,0
CUST21376,421,France,Female,31,0,36509.49,1,1,1,78137.41,0
CUST21377,538,Spain,Female,54,5,51655.79,1,1,0,73730.92,0
CUST21378,733,France,Female,42,1,130995.43,3,0,1,15000.0,0
CUST21379,380,Spain,Female,52,0,82963.33,1,1,0,102408.9,0
CUST21380,711,Germany,Female,22,1,93593.94,2,1,1,22641.12,0
CUST21381,495,Spain,Male,45,3,0.0,2,1,0,15000.0,0
CUST21382,361,Germany,Male,41,5,111079.93,2,0,0,69519.39,0
CUST21383,470,France,Female,65,10,90801.33,3,1,1,50984.79,0
CUST21384,720,France,Male,40,2,71484.95,1,0,1,46230.83,0
CUST21385,785,Germany,Female,23,0,94849.05,2,0,0,15000.0,0
CUST21386,390,France,Male,54,2,52493.03,1,0,1,46712.07,0
CUST21387,581,Germany,Male,25,3,42445.36,1,1,0,77186.12,0
CUST21388,450,France,Male,65,2,61696.3,1,1,1,56463.07,0
CUST21389,691,Germany,Male,37,3,49468.83,3,0,1,102430.47,0
CUST21390,740,France,Male,58,10,194929.13,1,1,0,147669.73,0
CUST21391,831,France,Male,52,4,125152.89,3,1,1,108236.53,0
CUST21392,527,Germany,Male,42,6,21734.21,2,0,1,131187.74,0
CUST21393,499,Germany,Male,48,7,186996.28,2,1,0,134910.7,0
CUST21394,504,Germany,Female,27,1,51192.89,3,0,0,39151.27,0
CUST21395,730,Germany,Male,21,2,76620.05,3,1,0,104760.16,0
CUST21396,572,Germany,Female,57,4,124357.95,1,0,0,129782.08,0
CUST21397,361,Germany,Male,67,5,0.0,3,1,0,65381.78,0
CUST21398,823,Germany,Female,62,0,61963.58,3,0,1,49421.8,0
CUST21399,402,Spain,Female,33,7,43466.64,3,0,1,108868.29,1
CUST21400,814,Germany,Female,36,3,86279.4,1,1,0,18326.7,0
CUST21401,430,Germany,Female,36,3,95352.73,2,1,0,36039.79,0
CUST21402,619,Spain,Male,54,6,70750.73,2,0,1,54995.96,0
CUST21403,506,Germany,Female,50,10,68199.4,2,0,1,105273.14,0
CUST21404,693,Spain,Male,59,9,133582.23,2,1,0,94851.06,0
CUST21405,551,Germany,Female,67,10,91581.73,2,1,0,131456.69,0
CUST21406,533,France,Male,38,4,77278.38,2,0,0,43515.85,0
CUST21407,588,Germany,Male,52,1,83132.88,2,1,0,41103.72,0
CUST21408,835,Spain,Female,44,2,175973.89,3,0,0,108576.04,0
CUST21409,472,France,Female,67,3,84497.07,3,0,0,49059.99,0
CUST21410,459,France,Female,36,3,46705.33,1,1,0,57842.32,0
CUST21411,383,Germany,Female,27,2,0.0,2,1,0,15000.0,1
CUST21412,719,Spain,Female,37,1,0.0,3,1,0,98088.07,0
CUST21413,688,Germany,Female,50,2,49313.58,2,0,0,154358.07,0
CUST21414,654,Germany,Female,67,7,69039.27,3,0,0,38682.0,1
CUST21415,361,Germany,Male,61,5,44440.82,1,1,1,130976.66,0
CUST21416,745,Germany,Female,18,0,94312.92,2,1,0,82327.06,0
CUST21417,754,France,Female,44,6,43732.06,3,1,0,15000.0,0
CUST21418,822,Germany,Female,26,9,24703.09,3,0,1,44737.29,0
CUST21419,814,Spain,Female,36,4,108695.41,2,1,1,41958.97,0
CUST21420,481,Spain,Female,67,3,150316.7,2,1,0,70756.25,1
CUST21421,705,Spain,Female,69,2,14105.78,2,1,0,103878.14,0
CUST21422,551,France,Male,25,4,88404.37,3,0,0,168201.53,0
CUST21423,647,Germany,Female,25,3,0.0,2,0,1,20598.44,0
CUST21424,516,France,Female,54,10,0.0,1,1,0,63185.02,0
CUST21425,678,France,Female,39,10,42617.88,1,0,0,44680.86,0
CUST21426,826,Spain,Female,40,3,137420.07,2,1,1,27940.92,0
CUST21427,676,Germany,Female,63,10,32171.17,3,0,1,89295.15,0
CUST21428,810,France,Male,65,9,30114.47,2,1,0,85066.6,0
CUST21429,815,Spain,Female,64,0,76984.8,3,0,0,15000.0,1
CUST21430,409,Spain,Female,58,5,77039.6,3,0,1,85816.77,0
CUST21431,832,Germany,Female,68,7,31817.77,2,0,1,30757.18,1
CUST21432,759,Spain,Female,55,4,184242.19,3,0,1,85532.25,0
CUST21433,563,Spain,Female,64,5,60405.01,2,1,1,142127.34,0
CUST21434,650,Germany,Female,46,5,81247.17,2,1,0,105838.06,0
CUST21435,658,Spain,Male,20,7,52902.13,3,1,1,92988.27,0
CUST21436,743,France,Female,60,3,99198.44,2,1,1,61205.54,0
CUST21437,751,Germany,Female,66,6,142922.67,2,0,1,88009.04,0
CUST21438,401,Germany,Female,34,2,166501.5,2,1,0,110346.44,0
CUST21439,350,Spain,Male,40,9,33075.39,3,1,0,105887.49,0
CUST21440,473,Germany,Female,47,0,135543.73,1,0,0,80535.16,0
CUST21441,613,Germany,Male,51,0,105232.45,1,1,1,94781.93,0
CUST21442,774,France,Male,53,0,128599.51,2,1,1,25754.72,0
CUST21443,676,Germany,Male,38,3,69946.64,1,0,0,51954.85,0
CUST21444,417,France,Female,62,6,64712.76,2,0,1,116840.19,0
CUST21445,708,Germany,Male,60,10,126464.31,2,1,1,122891.48,0
CUST21446,584,Germany,Male,66,5,127508.09,2,1,1,89211.94,1
CUST21447,534,Spain,Male,47,2,161114.63,1,0,0,151553.46,1
CUST21448,735,Germany,Female,22,4,85920.12,1,1,0,107860.87,0
CUST21449,497,France,Male,61,1,69119.7,2,1,0,74509.26,0
CUST21450,659,Germany,Female,22,5,0.0,3,1,1,30111.13,0
CUST21451,441,France,Male,28,8,0.0,3,1,1,149743.0,0
CUST21452,540,Germany,Female,32,0,53316.16,2,1,0,119664.29,0
CUST21453,628,France,Female,27,8,14441.76,1,0,0,165924.01,1
CUST21454,661,France,Male,55,2,119777.18,1,1,1,182508.14,1
CUST21455,809,Spain,Female,40,7,2948.85,2,0,1,27087.69,0
CUST21456,495,France,Male,29,8,47428.26,1,1,0,27204.98,0
CUST21457,797,Germany,Female,18,8,49588.54,3,1,0,15000.0,0
CUST21458,758,Spain,Female,29,7,141260.87,2,1,1,126326.3,0
CUST21459,529,Germany,Male,54,7,41546.87,3,0,1,114541.72,0
CUST21460,420,Spain,Male,59,2,99882.67,1,0,1,89400.06,0
CUST21461,478,Germany,Male,33,1,85763.84,2,1,1,29824.0,0
CUST21462,678,Spain,Male,21,4,124680.87,3,1,0,80993.48,1
CUST21463,744,Germany,Female,46,6,121761.83,1,1,1,93311.75,0
CUST21464,656,France,Male,58,6,73160.79,3,0,1,120222.66,0
CUST21465,712,Spain,Male,21,8,0.0,2,0,0,97284.41,1
CUST21466,400,Spain,Male,59,3,62254.25,2,1,0,114871.06,0
CUST21467,602,Spain,Female,26,9,73902.44,2,1,0,79414.11,0
CUST21468,786,France,Female,31,4,90730.51,3,1,0,138166.69,0
CUST21469,544,Spain,Female,50,2,34434.47,3,1,0,113427.85,0
CUST21470,799,Germany,Male,20,8,137749.56,1,0,1,31588.01,0
CUST21471,411,Spain,Female,33,1,75749.07,2,0,0,147514.92,1
CUST21472,839,Spain,Female,25,4,24372.65,3,1,1,140150.72,0
CUST21473,742,France,Male,29,8,49797.47,1,1,1,105946.36,0
CUST21474,663,Germany,Female,58,8,181069.85,2,0,1,97632.3,0
CUST21475,658,France,Male,29,2,111540.78,3,0,0,159637.52,0
CUST21476,818,France,Female,20,1,132665.11,1,0,0,15000.0,1
CUST21477,538,Germany,Female,29,0,17712.72,2,1,0,140855.1,0
CUST21478,432,Germany,Female,22,0,37114.37,2,1,1,63570.7,0
CUST21479,809,Germany,Male,50,9,37521.77,1,0,0,134282.99,0
CUST21480,401,Spain,Female,68,8,85141.66,1,1,0,90416.91,0
CUST21481,679,France,Female,26,5,65429.9,2,0,1,29068.33,1
CUST21482,482,France,Male,55,6,48077.81,1,1,1,62656.61,0
CUST21483,814,Spain,Female,36,3,54976.17,3,1,0,130977.81,0
CUST21484,836,France,Male,21,2,31328.06,2,0,1,75540.65,0
CUST21485,587,France,Male,53,0,65108.84,3,1,0,57033.16,0
CUST21486,616,Germany,Female,28,7,136226.86,2,0,0,56732.26,0
CUST21487,577,France,Male,44,0,0.0,1,0,0,113901.13,0
CUST21488,562,France,Male,44,1,94056.37,2,0,1,163778.58,0
CUST21489,818,France,Male,49,8,150905.1,3,1,0,15000.0,1
CUST21490,493,Germany,Female,25,6,64924.71,2,1,0,211030.8,0
CUST21491,829,Spain,Male,31,5,45911.82,1,1,1,94168.58,0
CUST21492,675,Spain,Male,56,2,125832.73,1,1,0,111110.09,0
CUST21493,830,Spain,Female,66,1,20867.8,2,0,0,65368.22,0
CUST21494,656,Spain,Male,18,5,73751.97,3,1,0,84841.82,0
CUST21495,759,Germany,Female,39,3,17808.57,2,1,1,93663.09,0
CUST21496,594,Germany,Female,63,5,0.0,1,0,1,37790.68,0
CUST21497,581,Spain,Female,32,1,66640.87,1,1,1,48744.34,0
CUST21498,478,France,Female,41,2,5513.27,2,0,0,138305.54,0
CUST21499,455,Spain,Male,65,1,74358.12,2,1,1,15144.39,0
